QuestionID,QuestionBook,QuestionTopics,QuestionText,QuestionType,OptionA,OptionB,OptionC,OptionD,
DSE2020_Q12,A1_Ch.1,資訊系統應用,某教師為演講建立了包括圖表等元素的演示。該教師應編輯投影片的哪項（些）元素以建立更吸引的演示？(1) SQL (2) 字型 (3) 圖表,多選題,只有 (1),只有 (2),只有 (1) 和 (3),只有 (2) 和 (3),
DSE2020_Q13,A1_Ch.1,數據收集實例,下列哪項處理是數據收集的例子？,單選題,讀取煤氣表讀數,插入銀行卡至自動櫃員機,把相片放置在掃描器上掃描,把測驗分數輸入至試算表,
DSE2021_Q01,A1_Ch.1,應用軟件 (文字處理),下列哪項在文字處理軟件內可有效地格式化一份文件？ (1) 最常用的字型和字體大小設定成預設值 (2) 標題可使用預先設定的樣式 (3) 啓用自動校正功能,多選題,只有 (1) 和 (2),只有 (1) 和 (3),只有 (2) 和 (3),(1)、(2) 和 (3),A
DSE2021_Q06,A1_Ch.1,文字處理應用 (目錄),子添使用文字處理軟件中的「目錄」功能。當插入一個新章節時，_______。,單選題,子添須輸入公式來計算頁碼,子添須在目錄內輸入章節名稱,頁碼可相應地更新,新章節會被插入為最後的一章,C
DSE2021_Q07,A1_Ch.1,演示軟件應用 (旁白),志傳在演示檔內加入錄製旁白。下列哪句是正確的？ (1) 演示的檔案大小增加 (2) 演示內的投影片數目增加 (3) 未能把視像嵌入附有旁白的投影片,多選題,只有 (1),只有 (2),只有 (1) 和 (3),只有 (2) 和 (3),A
DSE2021_Q08,A1_Ch.1,資訊處理流程 (郵件合併),莉莉計劃向特選客戶發出邀請信。她應進行什麼資訊處理過程？ (1) 篩選 (2) 郵件合併 (3) 「假設」分析,多選題,只有 (1) 和 (2),只有 (1) 和 (3),只有 (2) 和 (3),(1)、(2) 和 (3),A
DSE2021_Q10,A1_Ch.1,物件連結與嵌入 (OLE),志明利用物件連結與嵌入 (OLE) 把圖片 X 和試算表 Y 加入文檔 Z。下列哪句是正確的？,單選題,OLE 不能應用於 X 的檔案格式,在志明行動前，X 的檔案大小應小於 Z,志明完成其行動後，Z 的檔案大小將會大於 Y,改變 Y 內的數據可影響隨後 Z 的列印本,D
DSE2021_Q24,A1_Ch.1,用戶界面設計 (UI),超級市場提供網上購買平台。設計用戶界面時應考慮下列哪項？ (1) 字型大小 (2) 顏色 (3) 語言,多選題,只有 (1) 和 (2),只有 (1) 和 (3),只有 (2) 和 (3),(1)、(2) 和 (3),D
DSE2022_Q06,A1_Ch.1,資訊處理流程,下列哪項關於資訊處理階段的例子是正確的？,單選題,數據收集：製作統計圖表,數據預備：輸入前核實問卷資料,數據處理：把問卷排序以便輸入,數據組織：設計線上問卷,B
DSE2022_Q08,A1_Ch.1,應用軟件 (郵件合併),下列哪些關於郵件合併是正確的？(1) 數據庫可用作數據來源 (2) 主文件與數據來源可合併成一個文件 (3) 合併完成後欄位內容在文件內插入,多選題,只有 (1) 和 (2),只有 (1) 和 (3),只有 (2) 和 (3),(1)、(2) 和 (3),D
DSE2022_Q09,A1_Ch.1,演示軟件功能 (旁白),下列哪項關於設有多張投影片並輔以旁白的演示是正確的？,單選題,該演示是一個網頁演示,該演示應是 MP4 格式,旁白可以個別地於每張投影片錄製,每張投影片內旁白播放時間相同,C
DSE2022_Q13,A1_Ch.1,系統開發 (目的),當開發一個資訊管理系統時，下列哪項應是首要考慮？,單選題,涉及的技術,涉及的人員,系統的成本,系統的目的,D
DSE2023_Q07,A1_Ch.1,演示軟件應用,在使用演示軟件建構專題研習的演示時，應考慮以下哪項？ (1) 投影片的佈局 (2) 配色方案 (3) 投影片的次序,多選題,只有 (1) 和 (2),只有 (1) 和 (3),只有 (2) 和 (3),(1)、(2) 和 (3),D
DSE2023_Q09,A1_Ch.1,資訊處理 (郵件合併),下列哪項以文字處理器進行郵件合併是不需要的？,單選題,數據來源,主文件,合併欄位,欄位長度,D
DSE2023_Q12,A1_Ch.1,物件連結與嵌入 (OLE),以下哪些可能涉及物件連接與嵌入 (OLE)？ (1) 以郵件合併建立文件 (2) 建立一個樞紐分析表 (3) 在一張演示投影片插入圖像,多選題,只有 (1) 和 (2),只有 (1) 和 (3),只有 (2) 和 (3),(1)、(2) 和 (3),B
DSE2025_Q02,A1_Ch.1,資訊系統 (輸出因素),以下哪項／些將影響資訊系統的輸出？(1) 更改輸入數據 (2) 使用不同的 CPU (3) 更改儲存裝置的類型,多選題,只有 (1),只有 (2),只有 (1) 和 (3),只有 (2) 和 (3),A
DSE2025_Q05,A1_Ch.1,數據收集與分析,小芬進行步驟以完成報告。哪些步驟是數據收集和數據分析？(1) 分發報告 (2) 檢查報告 (3) 計算字數 (4) 提交完整報告,多選題,(1) ; (2),(1) ; (3),(2) ; (4),(4) ; (3),D
DSE2025_Q21,A1_Ch.1,資訊系統 (電子商貿),以下常見電子商貿活動步驟的正確次序是什麼？(1) 選擇產品 (2) 記錄交易詳情 (3) 核對信用卡資料 (4) 提供交易編號 (5) 發送產品,單選題,(1)→(2)→(4)→(3)→(5),(1)→(2)→(3)→(4)→(5),(1)→(3)→(2)→(4)→(5),(1)→(4)→(3)→(2)→(5),B
DSE2020_Q01,A1_Ch.2,數據有效性檢驗,某香港身份證號碼被錯誤地輸入了電腦系統。下列哪些可幫助找出此錯誤？(1) 範圍檢查 (2) 輸入數據兩次 (3) 檢查數位,多選題,只有 (1) 和 (2),只有 (1) 和 (3),只有 (2) 和 (3),(1)、(2) 和 (3),
DSE2020_Q21,A1_Ch.2,儲存媒體存取,下列哪項（些）只支援順序存取？(1) DVD-RW (2) 磁帶 (3) 快閃記憶體,多選題,只有 (1),只有 (2),只有 (1) 和 (3),只有 (2) 和 (3),
DSE2021_Q09,A1_Ch.2,數據核驗 (Verification),在網上系統內要求用戶輸入密碼兩次的目的是什麼？,單選題,數據有效性檢驗 (應為核驗),數據檢索,數據組織,數據預備,A
DSE2022_Q01,A1_Ch.2,數據控制 (奇偶檢驗),某電腦接收了三組數據序列，每組包含一個奇偶檢驗位，發現其中兩組在傳送時損壞。下列哪項最能描述此情況？,單選題,第一組和第二組；偶數,第二組和第三組；偶數,第一組和第二組；奇數,第二組和第三組；奇數,A
DSE2022_Q03,A1_Ch.2,數據輸入 (用戶界面),輸入日期時，使用日曆框勝於文字框。其優點是什麼？(1) 避免無效日期 (2) 確保輸入無誤 (3) 提供用戶友善界面,多選題,只有 (1) 和 (2),只有 (1) 和 (3),只有 (2) 和 (3),(1)、(2) 和 (3),B
DSE2023_Q01,A1_Ch.2,數據組織 (存取方式),下列哪些句子關於在儲存設備上直接存取是正確的？ (1) 寫入檔案的數據必須從儲存設備的開頭開始 (2) 一般來說，搜尋檔案的尋找時間比順序存取快 (3) 比順序存取更常用於硬碟,多選題,只有 (1) 和 (2),只有 (1) 和 (3),只有 (2) 和 (3),(1)、(2) 和 (3),C
DSE2025_Q03,A1_Ch.2,數據控制 (準確性),數據控制對資訊系統非常重要，這是因為,單選題,它控制數據的操作,它減少處理時間,它加速數據傳輸,它確保輸入數據的準確性,D
DSE2025_Q06,A1_Ch.2,數據核驗 (Verification),當更改電郵戶口的密碼，以下哪個步驟是數據驗證(核驗)的方法？,單選題,輸入用戶名稱,輸入舊密碼,輸入新密碼兩次,回答「密碼提示」問題,C
DSE2020_Q02,A1_Ch.3,二進制補碼,下列哪個十進制數值相等於 8 位元二進制補碼表示的 1010 0001？,單選題,33,-33,95,-95,
DSE2020_Q03,A1_Ch.3,多媒體檔案格式,芝芝掃描照片時使用 JPG 格式而不是 BMP 格式。原因可能是什麼？(1) 縮減照片檔案的大小 (2) 增加每張照片的像素數量 (3) 增加已顯示的顏色數量,多選題,只有 (1),只有 (2),只有 (1) 和 (3),只有 (2) 和 (3),
DSE2020_Q04,A1_Ch.3,數據表示 (位元),某公司有 30000 名僱員，每位僱員均有一個職員編號。表示職員編號最少需要多個位元？,單選題,5,14,15,32,
DSE2020_Q06,A1_Ch.3,字符編碼系統,下列哪個（些）字符集可表示簡體中文字符、繁體中文字符和英文字符？(1) ASCII (2) 統一碼 (3) GB 碼,多選題,只有 (1),只有 (2),只有 (1) 和 (3),只有 (2) 和 (3),
DSE2020_Q08,A1_Ch.3,檔案格式比較,和和傳送了附有一份文件的電郵，該文件是 PDF 格式，而不是 DOC 格式。原因可能是什麼？(1) 可加密此文件 (2) 可保留此文件的頁面設計 (3) 可包含多媒體元素,多選題,只有 (1),只有 (2),只有 (1) 和 (3),只有 (2) 和 (3),
DSE2021_Q02,A1_Ch.3,二進制補碼與上溢,下列哪個以 8 位元二進制補碼表示數字的加法運算，會引致上溢錯誤？,單選題,0011 0110 + 0011 1100,0100 0010 + 1000 0001,1001 1100 + 1111 0110,1011 1010 + 1100 0100,D
DSE2021_Q03,A1_Ch.3,字符編碼 (ASCII),字符「x」和「z」的 ASCII 編碼以十六進制表示，分別為 _____ 和 5A。,單選題,3A,3C,58,59,C
DSE2021_Q05,A1_Ch.3,多媒體檔案格式 (音頻),小芬使用 WAV 格式而非 MP3 格式來錄製音樂表演。這樣有什麼好處？ (1) 音效檔的檔案大小較大 (2) 音效質素更佳 (3) 沒有跨平台問題,多選題,只有 (1),只有 (2),只有 (1) 和 (3),只有 (2) 和 (3),B
DSE2021_Q23,A1_Ch.3,多媒體檔案格式辨識,下列哪項不是多媒體檔案格式？,單選題,ZIP,MP3,MP4,PNG,A
DSE2022_Q04,A1_Ch.3,二進制補碼 (上溢),下列哪項以二進制補碼表示的 4 位元數字的加法運算，會引致上溢錯誤？,單選題,0011 + 1001,1111 + 1111,1100 + 1011,1010 + 0100 + 0001,C
DSE2022_Q05,A1_Ch.3,多媒體計算 (位元),需要多少位元才能表示一幅 8 × 8 的黑白像素圖像？,單選題,64,64^2,8^8,2^64,A
DSE2022_Q07,A1_Ch.3,圖像檔案格式 (BMP),某照片的 BMP 圖像檔案大小較 JPG 大，原因是：(1) BMP 是未經壓縮的 (2) BMP 表示點陣圖像 (3) BMP 不能在瀏覽器顯示,多選題,只有 (1),只有 (2),只有 (1) 和 (3),只有 (2) 和 (3),A
DSE2022_Q11,A1_Ch.3,字符編碼系統 (ASCII),為什麼字符在電腦內需要以一些例如 ASCII 的字符集來表示？(1) 標準化數據表示 (2) 加強加密 (3) 數據以二進制儲存,多選題,只有 (1),只有 (2),只有 (1) 和 (3),只有 (2) 和 (3),C
DSE2022_Q20,A1_Ch.3,數據儲存 (容量計算),一百個 300GB 的視像檔案，在沒有檔案重組下，需要多少個 2TB 硬碟來儲存？,單選題,15,16,17,32,C
DSE2023_Q02,A1_Ch.3,數據表示 (多媒體),「七劃管」用途廣泛，每一劃是一枝可以獨立開關的 LED 燈。除了所有劃都關掉之外，這七劃管可以產生多少個不同的圖案？,單選題,10,63,127,255,C
DSE2023_Q04,A1_Ch.3,二進制補碼 (溢出),在 8 位元表示法中，哪些會令整數 01100000 與 01100000 相加時產生溢出誤差？ (1) 符號及值 (2) 一補碼 (3) 二進制補碼,多選題,只有 (1) 和 (2),只有 (1) 和 (3),只有 (2) 和 (3),(1)、(2) 和 (3),B
DSE2023_Q10,A1_Ch.3,檔案格式比較,以 PDF 格式而非 DOCX 格式來建立一份報告的好處是什麼？ (1) 可以保留文本格式 (2) 可以插入超連結 (3) 可以使用顏色字體,多選題,只有 (1),只有 (2),只有 (1) 和 (3),只有 (2) 和 (3),A
DSE2023_Q11,A1_Ch.3,多媒體檔案格式 (圖像),以下哪些圖像檔案格式支援透明背景圖像？ (1) PNG (2) GIF (3) JPG,多選題,只有 (1) 和 (2),只有 (1) 和 (3),只有 (2) 和 (3),(1)、(2) 和 (3),A
DSE2023_Q13,A1_Ch.3,字符編碼系統,以下哪句關於統一碼 (Unicode) 和大五碼 (Big5) 是正確的？,單選題,在電腦上使用取決於操作系統,大五碼只用於表示中文字符,統一碼是用以表示英文及其他語言的字符,在瀏覽網頁時使用某字元集是取決於瀏覽器,B
DSE2025_Q04,A1_Ch.3,二進制補碼 (加法),下列哪項以二進制補碼表示的 8 位元數字的加法會得到 0000 0000？,單選題,1110 1111 + 0001 0000,1110 1111 + 0001 0001,0111 1111 + 0000 0001,0000 0000 + 0000 0001,B
DSE2025_Q07,A1_Ch.3,多媒體 (位元深度),24 位元顯示卡可處理最多 ________ 種不同的顏色。,單選題,2 × 24,8 × 24,24^2,2^24,D
DSE2025_Q09,A1_Ch.3,檔案格式 (PDF vs HTML),志偉在互聯網發表文章，考慮使用 PDF 而不是 HTML，這是因為,單選題,可使用瀏覽器開啟,可將多媒體元素加入,其檔案大小較小,它提供較佳文件保護,D
DSE2025_Q15,A1_Ch.3,數據壓縮 (優點),以下哪項是檔案傳輸時使用壓縮技術的優點？,單選題,增加網絡頻寬,預防感染病毒,縮短傳輸時間,減少黑客攻擊,C
DSE2020_Q10,A1_Ch.4,試算表假設分析,應為下列哪項（些）任務建立試算表「假設」情境？(1) 尋找在數學考試獲取 90 分或以上的學生 (2) 估算由不同製造商生產的產品成本 (3) 建立月平均溫度的圖表,多選題,只有 (1),只有 (2),只有 (1) 和 (3),只有 (2) 和 (3),
DSE2021_Q13,A1_Ch.4,試算表 (樞紐分析表),小芬打算建構樞紐分析表以找出每名參加者參與會議的次數。「參加者」應置於下列哪項？,單選題,篩選,欄,列,值,D
DSE2022_Q10,A1_Ch.4,試算表 (目標搜尋),使用「目標搜尋」作「假設」分析以縮減預算來限制班會費為 $1000。應採用哪組數據？,單選題,目標:B4;值:1000;變數:B6,目標:B4;值:30000;變數:B6,目標:B6;值:1000;變數:B4,目標:B6;值:30000;變數:B4,C
DSE2023_Q08,A1_Ch.4,試算表 (函數),在試算表輸入公式時，以下哪個結果是錯誤的？,單選題,"LEN(""HKDSE"") -> 5","UPPER(""technology"") -> Technology","FIND(""for"", ""information"") -> 3","TRIM("" ICT "") -> ICT",B
DSE2025_Q01,A1_Ch.4,試算表 (儲存格參照),以下試算表顯示了產品零售價的計算。C4 中的公式是什麼，以便可以複製到 C5 及其下的儲存格？,單選題,#REF!,#REF!,#REF!,#REF!,A
DSE2020_Q09,A1_Ch.5,數據庫應用,李小姐計劃以儲存在數據庫內的學生資料和考試分數，設計及製作學生的成績單。她應該做什麼？,單選題,利用數據庫軟件建立報告,利用文書處理軟件建立連至數據庫的超連結,利用試算表軟件建立 SQL 指令,利用試算表軟件匯入數據,
DSE2020_Q11,A1_Ch.5,SQL 統計分組,根據數據表 PET，執行 SELECT SUM(WEIGHT) FROM PET GROUP BY PTYPE 的輸出包括哪些數值？(1) 109 (2) 15 (3) 34 (4) 60,多選題,只有 (1),只有 (2),只有 (3) 和 (4),只有 (2)、(3) 和 (4),
DSE2021_Q04,A1_Ch.5,數據庫結構設計,在數據庫軟件內建構數據表時，用戶通常應設定什麼？ (1) 每個欄的數據類型 (2) 最多的記錄數目 (3) 主關鍵碼,多選題,只有 (1) 和 (2),只有 (1) 和 (3),只有 (2) 和 (3),(1)、(2) 和 (3),B
DSE2021_Q11,A1_Ch.5,數據庫應用 (表單),在數據庫軟件內使用表格（表單）來輸入數據的主要優點是什麼？ (1) 減少輸入錯誤 (2) 縮短 SQL 語句的執行時間 (3) 需要較少儲存空間,多選題,只有 (1),只有 (2),只有 (1) 和 (3),只有 (2) 和 (3),A
DSE2022_Q02,A1_Ch.5,數據庫查詢 (SQL),根據數據表 FRUIT，下列哪項最能描述查詢 SELECT FNAME FROM FRUIT WHERE QTY > 0 ORDER BY QTY DESC 的結果？,單選題,水果按名稱依降序列出,水果按庫存量依升序列出,庫存量少的水果按名稱依升序列出,水果按庫存量依降序列出,D
DSE2023_Q05,A1_Ch.5,數據庫查詢 (SQL),應在 SQL 指令中 SELECT 採用以下哪個子句，把 salary 大於 5000 的資料按 salary 的升序排列展示？,單選題,WHERE salary > 5000 ORDER BY salary,HAVING salary > 5000 ORDER BY salary,WHERE salary > 5000 AND ORDER BY salary,HAVING salary > 5000 OR ORDER BY salary,A
DSE2025_Q10,A1_Ch.5,數據庫查詢 (SQL),以下哪句 SQL 語句將輸出最少行數？,單選題,SELECT * WHERE CL='6A' OR CL='6B',SELECT * FROM STUD,SELECT COUNT(*) FROM STUD,SELECT NAME FROM STUD,C
DSE2025_Q11,A1_Ch.5,數據庫應用 (DBMS),王先生利用 DBMS 工具建構表格供同事輸入數據，這是因為,多選題,只有 (1),只有 (2),只有 (3),只有 (2) 和 (3),D
DSE2021_Q14,B_Ch.1,硬件規格 (掃描器),下列哪項可以是掃描文件和照片的掃描器的規格？ (1) 支援 802.11n (2) 24 位色深 (3) 內置 64 MB RAM,多選題,只有 (1) 和 (2),只有 (1) 和 (3),只有 (2) 和 (3),(1)、(2) 和 (3),D
DSE2021_Q20,B_Ch.1,硬體設備比較,以電子書閱讀器而非平板電腦閱讀電子書的好處是什麼？ (1) 耗電量較低 (2) 重量較輕 (3) 計算能力較高,多選題,只有 (1) 和 (2),只有 (1) 和 (3),只有 (2) 和 (3),(1)、(2) 和 (3),A
DSE2022_Q14,B_Ch.1,打印機規格 (dpi),下列哪項是家用打印機的常見規格？(1) 802.11n (2) 並行埠 (3) 1200 dpi,多選題,只有 (1),只有 (2),只有 (1) 和 (3),只有 (2) 和 (3),C
DSE2022_Q16,B_Ch.1,輸出設備 (熱感打印),為什麼快餐店收銀處安裝熱感式打印機而非噴射打印機？(1) 黑白列印 (2) 體積較小 (3) 文字較快褪色,多選題,只有 (1),只有 (2),只有 (1) 和 (3),只有 (2) 和 (3),B
DSE2023_Q17,B_Ch.1,投影機規格,下列哪一項不是投影機的規格？,單選題,支援 WiFi 802.11ac,3800 lm (流明),4K UHD (超高清),5400 rpm (每分鐘轉數),D
DSE2020_Q14,B_Ch.2,電腦規格評估,參考電腦 X、Y 和 Z 的規格。哪台（些）電腦的計算能力最佳？,單選題,X,Y,Z,Y 和 Z,
DSE2020_Q15,B_Ch.2,儲存設備特性,參考電腦 X、Y 和 Z 的規格。哪台（些）電腦的啟動時間最短？,單選題,X,Y,Z (配備 SSD),X 和 Z,
DSE2020_Q16,B_Ch.2,SSD 優點分析,下列哪項不是 SSD 勝於硬碟機 (HDD) 的優點？,單選題,消耗較少電力,產生較少熱量,支援隨機存取,提供較高存取速度,
DSE2020_Q18,B_Ch.2,機器週期,在指令 1000 STORE 1111 的「提取—解碼—執行」週期中，「提取」是做什麼的？,單選題,從主記憶體位址 1000 獲取指令,從主記憶體位址 1111 獲取指令,獲取累加器的內容,用 CU 計算下一指令位址,
DSE2020_Q22,B_Ch.2,電腦硬件組件,下列哪句關於電腦內的部件的描述是不正確的？,單選題,ALU 是用來執行算術運算,累加器是儲存運算結果的寄存器,寄存器傳輸率高於主記憶體,數據匯流排傳送控制訊號,
DSE2021_Q12,B_Ch.2,資訊處理週期 (IPO),下圖顯示了「輸入—處理—輸出」週期的基本概念。X 和 Y 是什麼？,單選題,"X: 統一碼, Y: 二進制數字","X: 互聯網, Y: 網絡設備","X: 程式, Y: 儲存器","X: 數據庫, Y: 查詢",C
DSE2021_Q17,B_Ch.2,硬件儲存 (SSD),操作系統會被安裝在 SSD 而非硬碟機內，原因是什麼？,單選題,該操作系統並不是開放源碼軟件,該操作系統的檔案是經常使用的,該操作系統所需的儲存大小是少於 500 GB,數據檔需在硬碟機內儲存,B
DSE2021_Q18,B_Ch.2,中央處理器 (CPU),下列哪項是 CPU 的近期發展？,單選題,預裝操作系統,減少處理部件數量,增加時鐘頻率,增加耗電量,C
DSE2021_Q19,B_Ch.2,電腦規格評估,志明打算購買電腦以便使用多媒體學習軟件。下列哪項是最不重要的因素？,單選題,SSD 的儲存大小,RAM 的儲存大小,ROM 的儲存大小,CPU 的時鐘頻率,C
DSE2021_Q21,B_Ch.2,機器週期 (譯碼),在 CPU 內執行匯編語言指令「載入 1000」時，下列哪項部件會將此指令解碼？,單選題,匯流排,寄存器,ALU,CU,D
DSE2022_Q15,B_Ch.2,硬件規格 (升級),一台獨立電腦進行數據庫工作時運行緩慢。下列哪個硬件部件需要升級？(1) RAM (2) ROM (3) 網絡界面卡,多選題,只有 (1),只有 (2),只有 (1) 和 (3),只有 (2) 和 (3),A
DSE2023_Q14,B_Ch.2,中央處理器規格,某 CPU 規格為 16 個核心、5 GHz 和 30 MB 快取記憶體。下列哪些句子是正確的？ (1) 這 CPU 的時鐘頻率是 5 GHz (2) 這 CPU 能同時處理最多 16 個程式 (3) 這 CPU 存取快取記憶體中的數據比在 RAM 中的數據快,多選題,只有 (1) 和 (2),只有 (1) 和 (3),只有 (2) 和 (3),(1)、(2) 和 (3),D
DSE2023_Q18,B_Ch.2,硬件規格評估,某電腦執行數據庫查詢表現劣，應優先升級哪些部件？ (1) 網絡介面卡 (2) 顯示卡 (3) CPU,多選題,只有 (1) 和 (2),只有 (1) 和 (3),只有 (2) 和 (3),(1)、(2) 和 (3),B
DSE2025_Q16,B_Ch.2,記憶體特性 (RAM),當掃描電腦病毒時，哪項／些記憶體將用作儲存病毒偵測程式及其數據？,多選題,只有 (1),只有 (2),只有 (1) 和 (3),只有 (2) 和 (3),C
DSE2025_Q17,B_Ch.2,CPU 架構 (位址),電腦 P 和 Q 的記憶體位址大小分別是 64 位元和 32 位元。以下哪句／些是正確的？,多選題,只有 (1),只有 (2),只有 (1) 和 (3),只有 (2) 和 (3),B
DSE2020_Q17,B_Ch.3,驅動程式功能,下列哪項關於驅動程式的描述是正確的？,單選題,讓操作系統管理檔案,讓操作系統控制掃描器,監視病毒偵測的狀況,監視 RAM 的使用量,
DSE2021_Q15,B_Ch.3,驅動程式 (Driver),下列哪項需要驅動程式？ (1) 編輯文字處理文件 (2) 連接一個新打印機 (3) 移除一個軟件包,多選題,只有 (1),只有 (2),只有 (1) 和 (3),只有 (2) 和 (3),B
DSE2021_Q16,B_Ch.3,操作系統 (處理模式),國華在網上連繫朋友一起玩足球遊戲。這涉及下列哪項處理模式？ (1) 網上互動處理 (2) 成批工作處理 (3) 即時處理,多選題,只有 (1),只有 (2),只有 (1) 和 (3),只有 (2) 和 (3),C
DSE2022_Q18,B_Ch.3,軟件維護 (更新),為什麼需要定期更新軟件？(1) 修復程式錯誤 (2) 新增功能 (3) 改善效能,多選題,只有 (1) 和 (2),只有 (1) 和 (3),只有 (2) 和 (3),(1)、(2) 和 (3),D
DSE2022_Q19,B_Ch.3,處理模式 (實時),自動駕駛系統是實時處理系統，原因是：,單選題,涉及高運算能力,輸入和處理之間不應有時間延遲,收集大量數據,向多用戶提供服務,B
DSE2022_Q21,B_Ch.3,電腦系統架構,P、Q 和 R 分別代表什麼？（用戶 ↔ P ↔ Q ↔ R ↔ 電腦硬件）,單選題,"P:操作系統, Q:硬件, R:應用軟件","P:應用軟件, Q:操作系統, R:硬件","P:應用軟件, Q:硬件, R:操作系統","P:操作系統, Q:應用軟件, R:硬件",B
DSE2023_Q03,B_Ch.3,操作系統 (處理模式),莉莉有一台沒有連接任何網絡的電腦，她可以執行以下哪些系統？ (1) 分布式處理系統 (2) 實時系統 (3) 成批工作處理系統,多選題,只有 (1),只有 (2),只有 (1) 和 (3),只有 (2) 和 (3),D
DSE2023_Q16,B_Ch.3,操作系統功能,下列哪些是操作系統的功能？ (1) 調配硬件資源 (2) 把工作排程 (3) 永久地儲存用戶的程式,多選題,只有 (1) 和 (2),只有 (1) 和 (3),只有 (2) 和 (3),(1)、(2) 和 (3),A
DSE2023_Q19,B_Ch.3,系統軟件 (驅動程式),志明把一部新的 USB 打印機連接到一台電腦。為什麼他可以立即使用此打印機？,單選題,打印機的 RAM 容量夠大,操作系統已內置此打印機的驅動程式,USB 打印機不需要驅動程式,打印機內置 CPU 去管理打印工作,B
DSE2023_Q40,B_Ch.3,操作系統 (安全性),經常更新操作系統如何保護電腦免受病毒攻擊？,單選題,可以修復保安漏洞,操作系統的開發者可以提供更多支援,可以提高電腦的性能,可以進行病毒檢測,A
DSE2025_Q12,B_Ch.3,操作系統功能,以下哪些是操作系統的功能？(1) 管理輸入輸出裝置 (2) 管理系統保安 (3) 管理電腦的記憶體,多選題,只有 (1) 和 (2),只有 (1) 和 (3),只有 (2) 和 (3),(1)、(2) 和 (3),D
DSE2025_Q13,B_Ch.3,虛擬化應用 (Virtualisation),以下哪些是虛擬化應用的例子？(1) 在現有 OS 下建構不同 OS 的虛擬環境 (2) 實體伺服器劃分為多個虛擬伺服器 (3) 多個硬碟結合成一個虛擬儲存裝置,多選題,只有 (1) 和 (2),只有 (1) 和 (3),只有 (2) 和 (3),(1)、(2) 和 (3),D
DSE2025_Q14,B_Ch.3,分佈式處理 (Distributed),以下哪些是分布式處理系統的特徵？(1) 資訊在處理器間互換 (2) 每個處理器有各自記憶體 (3) 一個處理器完成其進程後才可執行進程,多選題,只有 (1) 和 (2),只有 (1) 和 (3),只有 (2) 和 (3),(1)、(2) 和 (3),A
DSE2020_Q19,C1_Ch.1,網絡服務共享,參考網絡圖，教師電腦通常會為桌上電腦提供什麼服務？(1) 檔案共享 (2) 電郵 (3) 網頁瀏覽,多選題,只有 (1),只有 (2),只有 (1) 和 (3),只有 (2) 和 (3),
DSE2020_Q20,C1_Ch.1,無線網絡接達點,為了讓所有桌上電腦可連接該無線打印機，應執行以下哪項行動？,單選題,應把 AP 安裝在交換器上,教師電腦連至交換器與教師電腦間,應以路由器代替交換器,無線打印機應連接至 AP,
DSE2020_Q24,C1_Ch.1,網絡傳輸品質,下列哪項（些）可改善視像會議的質素？(1) 較高解像度的攝影機 (2) 較大的儲存容量 (3) 較高的網絡頻寬,多選題,只有 (1),只有 (2),只有 (1) 和 (3),只有 (2) 和 (3),
DSE2020_Q27,C1_Ch.1,網絡界面卡功能,網絡界面卡的主要功能是什麼？,單選題,找出傳送數據包的路徑,讓電腦透過網絡進行通訊,提升通訊連結的保安水平,支援衛星通訊,
DSE2021_Q22,C1_Ch.1,網絡連接設備 (Router),下列哪項在連接兩個 LAN 時是常用的？,單選題,防火牆,寬頻數據機,路由器,抗病毒軟件,C
DSE2021_Q25,C1_Ch.1,網絡架構 (IoT/AP),莉莉利用流動電話來控制家中連至 Wi-Fi 網絡的電器。這涉及下列哪項？ (1) LAN (2) 互聯網 (3) 無線網絡接達點,多選題,只有 (1) 和 (2),只有 (1) 和 (3),只有 (2) 和 (3),(1)、(2) 和 (3),D
DSE2021_Q26,C1_Ch.1,網絡服務 (雲端儲存),李先生租用網上檔案儲存服務而不設立檔案伺服器。為什麼？ (1) 互聯網頻寬不足 (2) 無需額外技術人員 (3) 增加儲存容量時較有彈性,多選題,只有 (1),只有 (2),只有 (2) 和 (3),(1)、(2) 和 (3),C
DSE2021_Q28,C1_Ch.1,網絡傳輸媒介 (無線),操場已安裝有線網絡，但學校還是安裝了無線網絡接達點。為什麼？ (1) 學生可在課堂上使用平板電腦 (2) 網絡可每天 24 小時使用 (3) 數據傳輸率較高,多選題,只有 (1),只有 (2),只有 (1) 和 (3),只有 (2) 和 (3),A
DSE2022_Q17,C1_Ch.1,網絡故障排除,莉莉發現不能透過家中電腦接達互聯網。以下哪項是可能的成因？,單選題,ROM 容量太小,硬碟數據傳輸率低,顯示卡出現故障,網絡界面卡出現故障,D
DSE2022_Q23,C1_Ch.1,電子學習 (效益),下列哪些是電子學習的潛在效益？(1) 追蹤學習進度 (2) 減少硬件資源 (3) 提供彈性日程,多選題,只有 (1) 和 (2),只有 (1) 和 (3),只有 (2) 和 (3),(1)、(2) 和 (3),B
DSE2022_Q25,C1_Ch.1,網絡傳輸媒介 (光纖),在電腦網絡上使用光纖，原因是：(1) 支援有線無線 (2) 傳輸率高 (3) 支援長距離,多選題,只有 (1) 和 (2),只有 (1) 和 (3),只有 (2) 和 (3),(1)、(2) 和 (3),C
DSE2022_Q27,C1_Ch.1,互聯網應用 (串流),觀看串流視像應考慮下列哪些項目？(1) 網絡頻寬 (2) 抗毒軟件 (3) 硬碟容量,多選題,只有 (1),只有 (2),只有 (1) 和 (3),只有 (2) 和 (3),A
DSE2023_Q15,C1_Ch.1,網絡介面卡功能,以下哪項是電腦內部網絡介面卡的主要功能？,單選題,連接一個有線路由器，並向指定區域投射 Wi-Fi 訊號,把數據包從一個網絡引導至另一個網絡,把來自此電腦的數據包過濾及轉發到另一裝置,發送和接收網絡訊號,D
DSE2023_Q23,C1_Ch.1,網絡連接設備,在以下網絡圖中，電腦可接達互聯網。X 和 Y 是什麼？,單選題,"X: 交換器, Y: 路由器","X: 防火牆, Y: 交換器","X: 防火牆, Y: 路由器","X: 路由器, Y: 交換器",C
DSE2023_Q26,C1_Ch.1,傳輸媒介比較,下列哪項有關有線網絡和無線網絡是正確的？,單選題,有線網絡有更穩定的連接,有線網絡有較高的網絡安全,無線網絡有更穩定的連接,無線網絡有較高的網絡安全,A
DSE2025_Q19,C1_Ch.1,網絡傳輸媒介,家健採用無線網絡而非有線網絡，為什麼？(1) 增加擺放電腦位置彈性 (2) 維持穩定連接 (3) 加強網絡保安,多選題,只有 (1),只有 (2),只有 (1) 和 (3),只有 (2) 和 (3),A
DSE2025_Q20,C1_Ch.1,網絡連接設備 (Switch),當電腦 C 關掉後，以下哪項／些活動仍可進行？(1) B 檔案複製到 A (2) A 列印文件 (3) A 刪除 B 的檔案,多選題,只有 (1),只有 (2),只有 (1) 和 (3),只有 (2) 和 (3),D
DSE2020_Q25,C1_Ch.2,網絡協定組合,瀏覽 https://www.gov.hk 時涉及下列哪項（些）協定？(1) FTP (2) IP (3) DNS,多選題,只有 (1),只有 (2),只有 (2) 和 (3),(1)、(2) 和 (3),
DSE2020_Q26,C1_Ch.2,網絡主機識別,下列哪項（些）可用來辨別互聯網上的主機？(1) 電郵地址 (2) IP 位址 (3) 電腦名稱,多選題,只有 (1),只有 (2),只有 (1) 和 (3),只有 (2) 和 (3),
DSE2021_Q27,C1_Ch.2,網絡協定 (HTTP),下列哪項關於 HTTP 是正確的？ (1) 用作傳送超文本文件 (2) 用作翻譯 URL 為 IP 位址 (3) 用作儲存瀏覽歷史,多選題,只有 (1),只有 (2),只有 (1) 和 (3),只有 (2) 和 (3),A
DSE2022_Q22,C1_Ch.2,劃一資源定位符 (URL),描述 https://www.abc.edu.hk/en/：(1) en 是路徑 (2) 域名是 abc (3) 香港註冊教育機構,多選題,只有 (1),只有 (2),只有 (1) 和 (3),只有 (2) 和 (3),C
DSE2022_Q26,C1_Ch.2,網絡協定 (IP),在網絡中使用互聯網協定 (IP) 的原因是：,單選題,數據在相同通訊規則下傳送,安裝了相同操作系統,最高數據傳輸率相同,此網絡是 LAN 而非 WAN,A
DSE2023_Q20,C1_Ch.2,互聯網協定 (HTTP),下列哪項有關 HTTP 的用途是正確的？,單選題,它可把網域名稱轉換成 IP 位址,它可區分無線網絡和有線網絡,它可從網絡伺服器提取網頁,它可通過一個加密通道把數據加密和解密,C
DSE2023_Q22,C1_Ch.2,網絡協定 (綜合),莉莉以瀏覽器上載一張照片到她的社交媒體賬戶。這可能涉及下列哪個／些協定？ (1) IP (2) DNS (3) HTTP,多選題,只有 (1),只有 (2),只有 (2) 和 (3),(1)、(2) 和 (3),D
DSE2023_Q24,C1_Ch.2,互聯網協定 (IP),下列哪句／些關於 IP 位址是正確的？ (1) 它們包含位置資訊，讓網絡裝置可接達來通訊 (2) 它們用以把所接收的數據重組還原成原來的序列 (3) 它們在互聯網和內聯網都可使用,多選題,只有 (1),只有 (2),只有 (1) 和 (3),只有 (2) 和 (3),C
DSE2023_Q25,C1_Ch.2,網域名稱系統 (DNS),下列哪項是網域名稱系統 (DNS) 伺服器的常見輸入和輸出？,單選題,"輸入: HTML, 輸出: IP 位址","輸入: IP 位址, 輸出: MAC 位址","輸入: 網域名稱, 輸出: MAC 位址","輸入: 網域名稱, 輸出: IP 位址",D
DSE2025_Q18,C1_Ch.2,互聯網協定 (IPv4),以下哪個／些是有效的 IPv4 位址？(1) 10.512.10.0 (2) 1.2.3.4 (3) 192.168.1.256,多選題,只有 (1),只有 (2),只有 (1) 和 (3),只有 (2) 和 (3),B
DSE2025_Q24,C1_Ch.2,互聯網協定 (TCP/IP),以下哪些關於利用 TCP/IP 傳送數據的陳述是正確的？(1) 利用 IP 辨認裝置 (2) 數據包在目的地重組 (3) IP 決定一條固定路徑,多選題,只有 (1) 和 (2),只有 (1) 和 (3),只有 (2) 和 (3),(1)、(2) 和 (3),A
DSE2025_Q25,C1_Ch.2,URL 結構與安全性,以下哪些關於 https://abc123.edu.hk/intro.docx 是正確的？(1) 檔案轉換為 HTML 格式 (2) 屬於教育機構 (3) 頂級域名是 abc123 (4) 傳送時加密,多選題,只有 (1) 和 (3),只有 (1) 和 (4),只有 (2) 和 (3),只有 (2) 和 (4),D
DSE2020_Q28,C1_Ch.3,身份鑑定技術,當小姐登入網站時，她從手提電話接收到一個包含密碼的 SMS 短訊。此短訊是關於什麼？,單選題,奇偶檢測,數碼水印,數碼簽署,身份鑑定,
DSE2020_Q36,C1_Ch.3,網絡保安預防,在電腦網絡中，下列哪項（些）可保障個人私隱免被黑客攻擊？(1) 建立數據備份 (2) 更新操作系統 (3) 安裝防火牆,多選題,只有 (1) 和 (2),只有 (1) 和 (3),只有 (2) 和 (3),(1)、(2) 和 (3),
DSE2020_Q39,C1_Ch.3,保安設備識別,對話框顯示「X 已阻隔此程式的一些功能」。對話框內的 X 是什麼？,單選題,防火牆,瀏覽器,檔案管理員,裝置管理員,
DSE2021_Q40,C1_Ch.3,網絡保安 (身份驗證),下列哪項是在網上系統中驗證用戶身份的常見措施？ (1) DNS (2) 保安權標 (3) 防火牆,多選題,只有 (1),只有 (2),只有 (1) 和 (3),只有 (2) 和 (3),B
DSE2022_Q24,C1_Ch.3,網頁設計考慮,在設計網頁時，下列哪些需要考慮？(1) 載入網頁時間 (2) 瀏覽用戶友善度 (3) 色彩組合,多選題,只有 (1) 和 (2),只有 (1) 和 (3),只有 (2) 和 (3),(1)、(2) 和 (3),D
DSE2022_Q35,C1_Ch.3,網絡保安 (勒索軟件),電腦受到勒索軟件攻擊，檔案不能開啟。應立刻：,單選題,把硬碟格式化,中斷網絡連接,更新抗電腦病毒軟件,啟用防火牆,B
DSE2022_Q36,C1_Ch.3,系統開發 (保安私隱),購物商場開發 App。下列哪個考慮事項應該「最不重要」？,單選題,網絡安全,個人數據私隱,操作系統,應用程式檔案大小,D
DSE2023_Q21,C1_Ch.3,互聯網應用 (Cookies),志明瀏覽一個新網站時接受了第三方 cookie。這會有下列哪個／些後果？ (1) 個人資訊可能會被收集 (2) 網絡的頻寬可能會被降低 (3) 他的電郵賬戶中的地址簿可能會被洩露,多選題,只有 (1),只有 (2),只有 (1) 和 (3),只有 (2) 和 (3),A
DSE2023_Q36,C1_Ch.3,網絡保安技術,下列哪些程式可增強使用電腦的安全性？ (1) 廣告程式 (2) 防火牆 (3) 加密程式,多選題,只有 (1) 和 (2),只有 (1) 和 (3),只有 (2) 和 (3),(1)、(2) 和 (3),C
DSE2023_Q38,C1_Ch.3,網絡保安 (SSL),在網站使用保密插口層 (SSL) 有什麼優點？ (1) 數據傳輸率較高 (2) 傳輸的數據已加密 (3) 可以隱藏網站的 IP 位址,多選題,只有 (1),只有 (2),只有 (1) 和 (3),只有 (2) 和 (3),B
DSE2025_Q08,C1_Ch.3,網頁創作 (瀏覽器應用),某教師上載 HTML 格式文件，使學生可透過瀏覽器觀看。以下哪項／些是該教師通常不會做的？(1) 檢查錯別字 (2) 上載前壓縮檔案 (3) 連結多媒體元素,多選題,只有 (1),只有 (2),只有 (1) 和 (3),只有 (2) 和 (3),B
DSE2025_Q22,C1_Ch.3,網頁創作 (HTML),以下哪些關於 HTML 的陳述是正確的？(1) 它是一種程式編寫語言 (2) HTML 檔案包含純文字 (3) 它是跨平台的,多選題,只有 (1) 和 (2),只有 (1) 和 (3),只有 (2) 和 (3),(1)、(2) 和 (3),C
DSE2025_Q23,C1_Ch.3,網絡應用故障 (圖像),某網頁未能顯示圖像，成因可能是？(1) 解像度較屏幕低 (2) 儲存在錯誤目錄 (3) 網頁與瀏覽器 OS 不同,多選題,只有 (1),只有 (2),只有 (1) 和 (3),只有 (2) 和 (3),B
DSE2020_Q05,D_Ch.1-3,布爾邏輯簡算,假設 X = 2 和 Y = 3。下列哪項布爾簡算式的結果是「真」？,單選題,((X > Y) AND (Y > 4)) OR (1 > X),((X < Y) AND (Y > 4)) OR (1 > X),(X > Y) AND ((Y < 4) OR (1 < X)),(X < Y) AND ((Y < 4) OR (1 < X)),
DSE2020_Q29,D_Ch.1-3,演算法追蹤 (i),參考流程圖，執行後 i 的輸出值是什麼？,單選題,2,3,4,5,
DSE2020_Q30,D_Ch.1-3,演算法追蹤 (n),參考流程圖，執行後 n 的輸出值是什麼？,單選題,1,2,3,4,
DSE2020_Q31,D_Ch.1-3,演算法追蹤 (K),執行給定的演算法後，輸出 K 的值是什麼？,單選題,14,33,46,60,
DSE2020_Q32,D_Ch.1-3,演算法追蹤 (Fib),執行給定的演算法後，輸出的序列是什麼？,單選題,1 1 2 2 4,1 1 2 3 5,1 2 3 4 5,1 2 4 8 16,
DSE2020_Q33,D_Ch.1-3,演算法追蹤 (Loop),執行給定的演算法後，輸出 Q 的值是什麼？,單選題,4,8,16,32,
DSE2021_Q29,D_Ch.1-3,演算法追蹤 (二進制),"下列算法（X=9, Y=2，重複輸出 X mod Y 並 X = X // Y）的輸出是什麼？",單選題,10,110,101,1001,D
DSE2021_Q31,D_Ch.1-3,布爾邏輯簡算,"假設 X=5, Y=6, Z=7。下列哪項布爾簡算式的結果是「真」？",單選題,((X<0) AND (Y>=6)) AND (Z>10),((X<0) OR (Y<=6)) AND (Z>10),((X<0) OR (Y>=6)) AND (Z>10),((X<0) OR (Y<=6)) OR (Z>10),D
DSE2021_Q32,D_Ch.1-3,演算法追蹤 (陣列),以陣列 P 運行算法（若 P[i]=1 則 Q = 1-Q），輸出是什麼？,單選題,100,110,1000,1001,A
DSE2021_Q33,D_Ch.1-3,演算法追蹤 (循環),"下列算法（sum=0, j=12，重複 sum=sum+1, j=j-2 直至 j<=2）的輸出 sum 是什麼？",單選題,7,6,5,4,C
DSE2021_Q34,D_Ch.1-3,演算法追蹤 (累加),"A[i]=i, S=0, i=1，當 i>S 執行 S=S+A[i]*A[i+1]... 輸出 S？",單選題,40,20,8,2,D
DSE2021_Q35,D_Ch.1-3,演算法追蹤 (變量),"下列算法（X=6, Y=4, H=2，循環更新 X, Y）執行兩次後 Y 的值是什麼？",單選題,10,6,4,2,C
DSE2022_Q28,D_Ch.1-3,演算法邏輯 (循環),算法 2 中缺失部分是什麼，使變量最終值與算法 1 相同？,單選題,(X=20) AND (Y>15),(X=20) OR (Y>15),(X<>20) AND (Y<=15),(X<>20) OR (Y<=15),C
DSE2022_Q29,D_Ch.1-3,演算法追蹤 (Modulo),下列算法中，輸入什麼值「不會」輸出「完成！」？,單選題,1,2,4,6,C
DSE2022_Q30,D_Ch.1-3,演算法目的分析,參考算法（當 N <> 888 執行 j <- j + N），此算法目的是？,單選題,計算輸入次數,找出最大輸入值,計算輸入值總和,計算平均值,C
DSE2022_Q31,D_Ch.1-3,哨兵值 (Sentinel),數值「888」在上述算法中有什麼作用？,單選題,終止輸入,檢測正數,限制範圍,把數值加入 j 內,A
DSE2022_Q32,D_Ch.1-3,計算思維 (問題定義),問題定義在解決問題時有什麼重要性？,單選題,確立設計和工作範圍,繞過問題分析,不需要定義子問題,開發沒有錯誤的算法,A
DSE2023_Q27,D_Ch.1-3,演算法追蹤 (Loop),"空運行下列算法（N <- 2, 當 N < 8 輸出 '', N <- N + 3）。會輸出多少個「」？",單選題,0,2,3,4,B
DSE2023_Q28,D_Ch.1-3,演算法追蹤 (陣列),假設陣列 N 內所有數值都是 2，算法 1（計算總和）的輸出是什麼？,單選題,0,5,10,20,C
DSE2023_Q29,D_Ch.1-3,演算法設計,算法 1 和算法 2 的目的應該相同。算法 2 缺少了哪些語句？ (1) i <- 0 (2) i <- 1 (3) i <- i + 1 (4) 如果 i=1 則 i <- i+1,多選題,只有 (1) 和 (3),只有 (2) 和 (3),只有 (1) 和 (4),只有 (2) 和 (4),B
DSE2023_Q30,D_Ch.1-3,演算法追蹤 (運算),"以下算法（A=5, B=11, C=7, 循環 C 由 2 至 3 執行 B <- A + B）的輸出 (A + B) 是什麼？",單選題,16,21,26,32,C
DSE2023_Q31,D_Ch.1-3,演算法追蹤 (輸入),"以下算法輸入 'Y', 'N', 'Y', 'N', 'Y'，輸出的 S 是什麼？",單選題,1#2#3,1#1#1,##3,###,A
DSE2023_Q32,D_Ch.1-3,演算法目的分析,算法（NUM 陣列，尋找 A）有什麼目的？,單選題,數算 NUM 內數值的數目,計算 NUM 內數值的總和,找尋 NUM 內數值的最大值,找尋 NUM 內數值的最小值,C
DSE2023_Q33,D_Ch.1-3,模組化方法優點,下列哪些是設計算法時採用模組方法的好處？ (1) 一個模組可在其他場景重複使用 (2) 縮短算法執行時間 (3) 模組更容易去設計和測試,多選題,只有 (1) 和 (2),只有 (1) 和 (3),只有 (2) 和 (3),(1)、(2) 和 (3),B
DSE2025_Q26,D_Ch.1-3,布爾邏輯簡算,"假設 A=3, B=5, C=8，以下哪個布爾算式傳回 True？",單選題,(A+B>C) AND ...,((A+B)>C) OR ...,((A+B)>C) AND ...,(A+B>=C) AND ...,D
DSE2025_Q28,D_Ch.1-3,流程圖追蹤,如果 N=10，M1 和 M2 輸出多少罐汽水？,單選題,1 ; 2,2 ; 1,2 ; 2,2 ; 3,C
DSE2025_Q29,D_Ch.1-3,演算法邏輯判斷,假設 N=0，以下哪句是正確的？,單選題,兩個算法都輸出,兩個都不輸出,只有 M1 輸出,只有 M2 輸出,C
DSE2025_Q31,D_Ch.1-3,演算法目的 (數據驗證),在算法中，使用循環的目的是什麼？,單選題,數據驗證,數據有效性檢驗,數據整合,數據生成,B
DSE2025_Q32,D_Ch.1-3,演算法變換,在版本 2 內未填寫的部分是什麼，以使其效果與版本 1 相同？,單選題,P,P * 2,P * 3,P * 5,C
DSE2025_Q33,D_Ch.1-3,演算法邏輯 (範圍),算法可能輸出哪個數值？,單選題,9,10,22,23,D
DSE2025_Q34,D_Ch.1-3,演算法追蹤 (變量 K),K 的最終值是什麼？,單選題,11,9,7,5,A
DSE2025_Q35,D_Ch.1-3,演算法追蹤 (輸出值),此算法的輸出是什麼？,單選題,25,16,11,9,A
DSE2025_Q36,D_Ch.1-3,演算法追蹤 (N 加法),算法執行後的輸出 N 是什麼？,單選題,3,9,10,41,C
DSE2025_Q37,D_Ch.1-3,演算法追蹤 (變量交換),算法最後輸出的 Y 是什麼？,單選題,3,5,8,15,B
DSE2025_Q38,D_Ch.1-3,演算法追蹤 (S 累加),算法輸出的 S 是什麼？,單選題,7,9,10,16,D
DSE2020_Q34,D_Ch.4-6,系統測試數據,為更新 ATM 現金提取限制系統（限制 200-10000），應使用哪組測試數據？,單選題,"50, 500, 7000, 10000","100, 200, 300, 500... 30000","100, 200, 600, 950, 10000, 11000",100... 30000,
DSE2021_Q30,D_Ch.4-6,解題程序 (測試),編寫了程式源碼後，根據解難程序，應執行下列哪項？ (1) 概述輸入輸出要求 (2) 以邊際個案測試程式 (3) 界定問題範圍,多選題,只有 (1),只有 (2),只有 (1) 和 (3),只有 (2) 和 (3),B
DSE2022_Q33,D_Ch.4-6,程式編寫 (模組化),下列哪項是模組化編程的優點？(1) 用戶手冊簡單 (2) 較易追蹤 (3) 團隊合作促進編程,多選題,只有 (1),只有 (2),只有 (1) 和 (3),(1)、(2) 和 (3),D
DSE2022_Q34,D_Ch.4-6,軟件測試 (測試數據),為什麼要預備合適的測試數據？(1) 偵測錯誤 (2) 處理異常輸入 (3) 驗證預期結果,多選題,只有 (1) 和 (2),只有 (1) 和 (3),只有 (2) 和 (3),(1)、(2) 和 (3),D
DSE2023_Q06,D_Ch.4-6,軟件測試 (測試數據),考慮用於檢查普通中學學校考試成績的偽代碼。下列哪組測試值是恰當的？,單選題,"-10, 30, 40","10, 25, 45","100, 99, 98","99, 0, 50",D
DSE2025_Q27,D_Ch.4-6,程式編寫 (無限循環),算法中應插入哪句語句以避免無限循環？,單選題,輸出 i,如果 i < 10,i <- i + 1,i <- i - 1,D
DSE2025_Q30,D_Ch.4-6,軟件測試 (測試數據),檢查巴士乘客折扣，哪組數據最適合用作測試此算法？,單選題,"11, 22, 33...","10, 11, 12, 59, 60, 61","7, 10, 11, 45, 55, 60","1, 2, 3, 4, 5",B
DSE2020_Q07,E_Ch.1,電子政府優點,下列哪項（些）是電子政府的好處？(1) 政府資訊可讓公眾容易以數碼方式存取 (2) 增強政府資訊的數據保安 (3) 可縮窄社會的數碼隔閡,多選題,只有 (1),只有 (2),只有 (1) 和 (3),只有 (2) 和 (3),
DSE2022_Q40,E_Ch.1,科技創新 (機械人),下列關於使用機械人哪項正確？(1) 準確跟從程序 (2) 代替所有僱員 (3) 接手厭惡危險任務,多選題,只有 (1) 和 (2),只有 (1) 和 (3),只有 (2) 和 (3),(1)、(2) 和 (3),B
DSE2020_Q23,E_Ch.2,資訊素養行為,下列哪項對於提升學生的資訊素養並不適合？,單選題,網上觀看紀錄片,在論壇搜尋裝機軟件的安裝密碼,閱讀學校內聯網的通訊,經互聯網找尋電腦歷史,
DSE2020_Q35,E_Ch.2,健康與網絡使用,一名學生沉迷網遊，每天玩超過 8 小時。他將面對哪些健康問題？(1) 睡眠問題 (2) 視力問題 (3) 情緒問題,多選題,只有 (1) 和 (2),只有 (1) 和 (3),只有 (2) 和 (3),(1)、(2) 和 (3),
DSE2020_Q38,E_Ch.2,資訊道德與私隱,下列哪項（些）行動未經會員同意進行是不恰當的？(2) 傳送個人資料予其他網店 (3) 永久保存已註銷會員資料,多選題,只有 (1),只有 (2),只有 (1) 和 (3),只有 (2) 和 (3),
DSE2020_Q40,E_Ch.2,電腦人體工學,下列哪些設定是必需的良好用法？(1) 手托角度可調校 (2) 顯示器角度可調校 (3) 桌子高度可調校,多選題,只有 (1) 和 (2),只有 (1) 和 (3),只有 (2) 和 (3),(1)、(2) 和 (3),
DSE2021_Q37,E_Ch.2,資訊素養 (可靠性),使用互聯網資訊編寫報告應考慮什麼？ (1) 資訊不可靠 (2) 免費 (3) 黑客盜取資料,多選題,只有 (1),只有 (2),只有 (1) 和 (3),只有 (2) 和 (3),A
DSE2021_Q38,E_Ch.2,社會議題 (數碼隔閡),下列哪項可縮減社會內的數碼隔閡？ (1) 向學生提供電腦 (2) 提供自助點餐機 (3) 電子付款取代現金,多選題,只有 (1),只有 (2),只有 (1) 和 (3),只有 (2) 和 (3),A
DSE2022_Q12,E_Ch.2,資訊素養,為什麼資訊素養在知識型社會是重要的？(1) 分辨網上假資訊 (2) 編寫 AI 程式 (3) 明白網上資訊缺乏可靠性,多選題,只有 (1) 和 (2),只有 (1) 和 (3),只有 (2) 和 (3),(1)、(2) 和 (3),B
DSE2022_Q37,E_Ch.2,科技對社會的影響,沉迷網遊和社交媒體的可能後果：(1) 焦慮毛病 (2) 侵犯版權 (3) 體能下降,多選題,只有 (1) 和 (2),只有 (1) 和 (3),只有 (2) 和 (3),(1)、(2) 和 (3),B
DSE2022_Q38,E_Ch.2,資訊道德與私隱,使用社交媒體程式時，下列哪些是恰當的？(1) 明白條款 (2) 提供必須資料 (3) 盡快轉發資訊,多選題,只有 (1) 和 (2),只有 (1) 和 (3),只有 (2) 和 (3),(1)、(2) 和 (3),A
DSE2023_Q35,E_Ch.2,資訊道德與私隱,以下哪些是使用社交媒體平台的適當措施？ (1) 管理私隱設定以控制誰可以看到你的帖子 (2) 使用一個強大登錄密碼並定期更改 (3) 留意你提供了什麼個人資料,多選題,只有 (1) 和 (2),只有 (1) 和 (3),只有 (2) 和 (3),(1)、(2) 和 (3),D
DSE2023_Q37,E_Ch.2,社會議題 (數碼隔閡),下列哪些可以幫助消除數碼隔閡？ (1) 公共圖書館提供電腦供學習 (2) 向有需要的學生提供互聯網連接 (3) 向有需要的學生提供網上英語課程,多選題,只有 (1) 和 (2),只有 (1) 和 (3),只有 (2) 和 (3),(1)、(2) 和 (3),A
DSE2020_Q37,E_Ch.3,開放源碼軟件,開放源碼軟件的主要特徵是什麼？(1) 開發商可自訂售價 (2) 用戶可修改源碼 (3) 試用期內可使用所有功能,多選題,只有 (1),只有 (2),只有 (1) 和 (3),只有 (2) 和 (3),
DSE2021_Q36,E_Ch.3,知識產權 (開放源碼),麗珊使用開放源碼軟件時可做什麼？ (1) 使用前尋求批准 (2) 修改源碼自用 (3) 修改並擁有整個版權,多選題,只有 (1),只有 (2),只有 (1) 和 (3),只有 (2) 和 (3),B
DSE2021_Q39,E_Ch.3,知識產權 (版權),下列哪項互聯網活動很可能侵犯了版權？ (1) 擷取 DVD 上載 (2) 分享自繪圖畫 (3) 下載新聞製作書籍,多選題,只有 (1) 和 (2),只有 (1) 和 (3),只有 (2) 和 (3),(1)、(2) 和 (3),B
DSE2022_Q39,E_Ch.3,知識產權 (軟件授權),安裝軟件至另一部電腦沒侵犯版權，原因可能是：,單選題,授權容許,位於不同國家,使用不同操作系統,免費軟件,A
DSE2023_Q34,E_Ch.3,知識產權 (開放源碼),以下哪個／些是使用開放源碼軟件勝於免費軟件的優點？ (1) 較容易設置和使用 (2) 用戶可以修改源碼並在社群分享 (3) 開放源碼軟件是跨平台的,多選題,只有 (1),只有 (2),只有 (1) 和 (3),只有 (2) 和 (3),B
DSE2023_Q39,E_Ch.3,知識產權 (軟件授權),為什麼很多公司較喜歡商業軟件而非開放源碼軟件？ (1) 開放源碼軟件含有較多軟體錯誤 (2) 商業軟件開發者可提供更好的支援 (3) 開放源碼軟件不可以由公司去修改,多選題,只有 (1),只有 (2),只有 (1) 和 (3),只有 (2) 和 (3),B
DSE2025_Q39,E_Ch.3,知識產權 (開放源碼),開放源碼軟件的優點是什麼？(1) 免費使用 (2) 可修改源碼 (3) 共同協作可持續優化,多選題,只有 (1) 和 (2),只有 (1) 和 (3),只有 (2) 和 (3),(1)、(2) 和 (3),D
DSE2025_Q40,E_Ch.3,資訊道德與法律,以下哪些不道德行為與知識產權有關？(1) 下載盜版電影 (2) 發送病毒郵件 (3) 入侵銀行系統 (4) 上載電視節目的視頻至互聯網,多選題,只有 (1) 和 (3),只有 (1) 和 (4),只有 (2) 和 (3),只有 (2) 和 (4),B