QuestionIDwithQuestionyears,book_chapter,topics,QuestionText,OptionA,OptionB,OptionC,OptionD,answer,Marks,Type,,,,,,,,,,,,,,,,,,,,,,,,,,,,,,
2017-1-8,A1-3,模擬及數碼數據,下列哪些行動涉及轉換模擬數據至數碼數據？ (1)利用軟件將試算表檔案轉換為 PDF 檔 (2)利用軟件將語音轉換為文本 (3)利用數碼相機拍攝相片,只有(1)和(2),只有(1)和(3),只有(2)和(3),(1)、(2)和(3),B,2,MC,,,,,,,,,,,,,,,,,,,,,,,,,,,,,,
2019-1A-10,A1-2,數據驗證,某裝置在網絡內發送 8 位元的數據，而最後的一個位元為奇偶檢驗位。下列已接收的數據中，其中一個留有錯誤。它是哪一個呢？,0010 0010,1111 0000,0011 0011,1010 0111,D,2,MC,,,,,,,,,,,,,,,,,,,,,,,,,,,,,,
2019-1A-11,A1-2,數據驗證,細看以下網上登記表格：此網上登記程序涉及下列哪（些）項目？ (1) 數據驗證 (2) 數據壓縮 (3) 數據有效性檢驗,只有 (1),只有 (2),只有 (1) 和 (3),只有 (2) 和 (3),C,2,MC,,,,,,,,,,,,,,,,,,,,,,,,,,,,,,
2020-1A-1,A1-2,數據驗證,某香港身份證號碼被錯誤地輸入了電腦系統，如下所示：下列哪些可幫助找出此錯誤？ (1) 範圍檢查 (2) 輸入數據兩次 (3) 檢查數位,只有 (1) 和 (2),只有 (1) 和 (3),只有 (2) 和 (3),(1) (2) 和 (3),C,2,MC,,,,,,,,,,,,,,,,,,,,,,,,,,,,,,
2021-1A-9,A1-2,數據驗證,在網上系統內要求用戶輸入密碼兩次的目的 是什麼？,數據有效性檢驗,數據驗證,數據組織,數據預備,B,2,MC,,,,,,,,,,,,,,,,,,,,,,,,,,,,,,
2017-1-7,A1-2,數據驗證,當建構網上電子郵件戶口時，需要完成以下步驟：輸入密碼、重新輸入密碼。重新輸入密碼的目的是什麼？,數據收集,數據驗證,數據組織,數據有效性檢驗,B,2,MC,,,,,,,,,,,,,,,,,,,,,,,,,,,,,,
2018-1-3,A1-2,數據驗證,下列哪項是改變學校內聯網帳戶密碼時的一個數據驗證例子？,輸入新密碼兩次,輸入新密碼和流動電話號碼,輸入最少包含一個特殊字符的新密碼,輸入與舊密碼相異的新密碼,A,2,MC,,,,,,,,,,,,,,,,,,,,,,,,,,,,,,
2019-1A-6,A1-2,數據類型,參考以下數據庫表 STUDENT，回答問題 6 和 7。STUDENT 中的 SID 可能是什麼數據類型？ (1) 整數 (2) 字符 (3) 布爾,只有 (1),只有 (2),只有 (1) 和 (3),只有 (2) 和 (3),B,2,MC,,,,,,,,,,,,,,,,,,,,,,,,,,,,,,
2018-1-8,A1-2,數據類型,志偉編寫了一個程式來處理學生資料，其中包活學生姓名、平均分和修讀科目數目。志偉應選用哪些數據類型來儲存相關的學生資料？,學生姓名: 布爾, 平均分: 整數, 修讀科目數目: 整數,學生姓名: 布爾, 平均分: 實數, 修讀科目數目: 實數,學生姓名: 字符, 平均分: 實數, 修讀科目數目: 整數,學生姓名: 字符, 平均分: 實數, 修讀科目數目: 整數,D,2,MC,,,,,,,,,,,,,,,,,,,,,,
2020-1A-4,A1-3,數據表示,某公司有 30000 名僱員，每位僱員均有一個職員編號。表示職員編號最少需要幾個位元？,14,15,16,32,C,2,MC,,,,,,,,,,,,,,,,,,,,,,,,,,,,,,
2018-1-7,A1-3,數據表示,某公司設計了一個處理員工記錄的流動應用程式。每筆記錄中，以 10 個位元來儲存員工號碼和 12 個字節來儲存中文姓名。這個流動應用程式可支援多少筆員工記錄？,2^10,2^12,2^(10+12),2^(10×12),A,2,MC,,,,,,,,,,,,,,,,,,,,,,,,,,,,,,
2016-1-7,A1-3,數字系統與表示法,參考以下P、Q和R的值。 P = 100010002 Q = 1000100010 R = 1000100016 下列哪項是正確的？,R > Q > P,Q > R > P,Q > P > R,R > P > Q,D,2,MC,,,,,,,,,,,,,,,,,,,,,,,,,,,,,,
2017-1-4,A1-3,圖像檔案格式,芝芝打算將她的相片上載至雲端儲存。在這情況下，相片採用 JPG 格式而非 BMP 格式有什麼好處？,減少相片的長度和闊度,減少相片的檔案大小,增加相片的像素數目,增加相片的顏色數目,B,2,MC,,,,,,,,,,,,,,,,,,,,,,,,,,,,,,
2017-1-9,A1-3,圖像表示,一個黑白顯示板利用 8×8 像素來展示一個圖案。左上方 4 個像素在任何時間均是黑色。此顯示板可展示多少個不同圖案？,60,120,2^60,2^64,C,2,MC,,,,,,,,,,,,,,,,,,,,,,,,,,,,,,
2020-1A-7,A1-1,資訊時代,下列哪項（些）是電子政府的好處？ (1) 政府資訊可讓公眾容易以數碼格式存取。 (2) 增強政府資訊的數據保安。 (3) 可縮窄社會的數碼隔閡。,只有 (1),只有 (2),只有 (1) 和 (3),只有 (2) 和 (3),A,2,MC,,,,,,,,,,,,,,,,,,,,,,,,,,,,,,
2016-1-9,A1-1,資訊時代,下列哪些是資訊時代的特點？ (1)資訊透過互聯網廣泛散布 (2)公眾人士可快速獲取資訊 (3)在互聯網上所有公司的資料是正確的,只有(1)和(2),只有(1)和(3),只有(2)和(3),(1)、(2)和(3),A,2,MC,,,,,,,,,,,,,,,,,,,,,,,,,,,,,,
2017-1-37,A1-1,資訊時代,資訊年代的出現帶來哪些改變？ (1)需要更多辦公室空間 (2)新的資訊及通訊科技相關工作出現，並改變人力市場。 (3)有更多機會獲得資訊和學習新事物,只有(1)和(2),只有(1)和(3),只有(2)和(3),(1)、(2)和(3),C,2,MC,,,,,,,,,,,,,,,,,,,,,,,,,,,,,,
2019-1A-1,A1-3,溢出誤差,下列哪項（些）關於二進制補碼的句子是正確的？ (1) 算術運算中不會出現溢出誤差。 (2) 8 位元數字的最大值是 0111 1111。 (3) 8 位元數字的最小值是 1111 1111。,只有 (1),只有 (2),只有 (1) 和 (3),只有 (2) 和 (3),B,2,MC,,,,,,,,,,,,,,,,,,,,,,,,,,,,,,
2021-1A-2,A1-3,溢出誤差,下列哪個以 8 位元二進制補碼表示數字的加法運算，會引至上溢錯誤？,0011 0110 + 0011 1100,0100 0010 + 1000 0001,1001 1100 + 1111 0110,1011 1010 + 1100 0100,A,2,MC,,,,,,,,,,,,,,,,,,,,,,,,,,,,,,
2017-1-12,A1-3,溢出誤差,下列運算涉及 8 位二補碼數字。哪一項會產生溢出錯誤？,0001 0101 + 1000 1000,0111 0011 + 1000 1000,1100 0110 + 1000 1000,1111 1100 + 1000 1000,A,2,MC,,,,,,,,,,,,,,,,,,,,,,,,,,,,,,
2019-1A-17,A1-3,條碼編碼,怎樣有一張音樂會電子入場券，如下所示：下列哪項（些）關於電子入場券上的條碼的句子是正確的？ (1) 即使條碼的一部分損毀，條碼上的資料仍可被解碼。 (2) 每次只能把一種數據類型編碼，例如數字數據。 (3) 條碼最多可在三個方向成功掃描。,只有 (1),只有 (2),只有 (1) 和 (3),只有 (2) 和 (3),D,2,MC,,,,,,,,,,,,,,,,,,,,,,,,,,,,,,
2018-1-13,A1-3,條碼編碼,下列兩個條碼 X 和 Y，分別見於汽水罐和廣告海報中，它們主要的分別是什麼？ (X為一維條碼，Y為二維碼),X 的面積必須大於 Y 的。,只有 Y 能被智能手機閱讀。,Y 能夠展示更多數據。,Y 不能表示字符。,C,2,MC,,,,,,,,,,,,,,,,,,,,,,,,,,,,,,
2019-1A-4,A1-3,字符編碼,莉莉使用文本編輯器輸入以下 5 個繁體中文字符，並儲存為文字檔，檔案大小為10 個字節。世上無難事。下列哪項（些）關於該文字檔的句子是正確的？ (1) 每個中文字符佔 2 個字節。 (2) 以 ASCII 編碼表示字符。 (3) 此文字檔不支援英文句。,只有 (1),只有 (1) 和 (2),只有 (1) 和 (3),只有 (2) 和 (3),A,2,MC,,,,,,,,,,,,,,,,,,,,,,,,,,,,,,
2020-1A-6,A1-3,字符編碼,下列哪個（些）字符集可表示簡體中文字符、繁體中文字符和英文字符？ (1) ASCII (2) 統一碼 (3) GB 碼,只有 (1),只有 (2),只有 (1) 和 (3),只有 (2) 和 (3),B,2,MC,,,,,,,,,,,,,,,,,,,,,,,,,,,,,,
2021-1A-3,A1-3,字符編碼,字符 ‘X」 和 「z」 的 ASCII 編碼以十六進制表示，分別為 ____ 和 5A。,3A,48,58,59,C,2,MC,,,,,,,,,,,,,,,,,,,,,,,,,,,,,,
2016-1-16,A1-3,字符編碼,下列哪項／些是使用統一碼勝於大五碼的優點？ (1)統一碼是跨平台的 (2)統一碼有較大的字符集 (3)在統一碼內可定義新的字符,只有(1),只有(2),只有(1)和(3),只有(2)和(3),B,2,MC,,,,,,,,,,,,,,,,,,,,,,,,,,,,,,
2017-1-1,A1-3,字符編碼,三個純文本檔案包含一些字符，如下所示： (1) 2017. (2) JULY. (3) 二零一七. 假設採用了統一碼 (UTF-8)，下列哪個關於檔案大小的比較是正確的？,(1) > (3),(2) > (1),(2) < (3),(3) > (2),D,2,MC,,,,,,,,,,,,,,,,,,,,,,,,,,,,,,
2018-1-5,A1-3,字符編碼,下列為韓文文本例子：「안녕하세요」。下列哪個字符編碼法可用來表示韓文文本？ (1) ASCII (2) 統一碼 (3) 大五碼,只有(1),只有(2),只有(1)和(3),只有(2)和(3),B,2,MC,,,,,,,,,,,,,,,,,,,,,,,,,,,,,,
2019-1A-5,A1-3,多媒體檔案壓縮,下列的原始檔案大小均為 10 MB。在一般情況下把它們轉換後，哪一個轉換後的檔案大小應最小的？,testA.MP3 轉換後的檔案 testA.AVI,testB.MP3 轉換後的檔案 testB.WAV,testC.BMP 轉換後的檔案 testC.JPG,testD.GIF 轉換後的檔案 testD.BMP,C,2,MC,,,,,,,,,,,,,,,,,,,,,,,,,,,,,,
2020-1A-3,A1-3,多媒體檔案壓縮,芝芝掃描照片時使用 JPG 格式而不是 BMP 格式，原因可能是什麼？ (1) 縮減照片檔案的大小。 (2) 增加每張照片的像素數量。 (3) 增加已顯示的顏色數量。,只有 (1),只有 (2),只有 (1) 和 (3),只有 (2) 和 (3),A,2,MC,,,,,,,,,,,,,,,,,,,,,,,,,,,,,,
2021-1A-23,A1-3,多媒體檔案壓縮,下列哪項不是壓縮檔案格式？,ZIP,MP3,MP4,PNG,D,2,MC,,,,,,,,,,,,,,,,,,,,,,,,,,,,,,
2016-1-6,A1-3,多媒體檔案壓縮,莉莉建立了一個壓縮檔，當中包含儲存於多個資料夾中的圖像檔案。她上載該壓縮檔至互聯網與朋友分享。使用壓縮檔有什麼好處？ (1)維持資料夾結構 (2)莉莉的朋友在下載此壓縮檔前可以預覽圖像 (3)此壓縮檔可以使用密碼保護,只有(1)和(2),只有(1)和(3),只有(2)和(3),(1)、(2)和(3),B,2,MC,,,,,,,,,,,,,,,,,,,,,,,,,,,,,,
2018-1-4,A1-3,多媒體檔案壓縮,下列所有原始檔的大小均為 1MB。在正常情況下，壓縮這些檔案後，哪個壓縮檔的大小應是最大的？,原始檔: testA.html, 壓縮檔: testA.zip,原始檔: testB.doc, 壓縮檔: testB.zip,原始檔: testC.txt, 壓縮檔: testC.zip,原始檔: testD.jpg, 壓縮檔: testD.zip,B,2,MC,,,,,,,,,,,,,,,,,,,,,,,,,,
2019-1A-2,A1-3,多媒體檔案格式,志明建立了一份學校通訊，並把它上載至網頁。該通訊的格式為可攜式文件格式(PDF)，而不是 Word 文件格式。這是因為 (1) 它可包含超連結。 (2) 該通訊將在任何裝置上展示得完全相同。 (3) 通訊內的圖像會有較高的解像度。,只有 (1),只有 (2),只有 (1) 和 (3),只有 (2) 和 (3),B,2,MC,,,,,,,,,,,,,,,,,,,,,,,,,,,,,,
2020-1A-8,A1-3,多媒體檔案格式,莉莉傳送了附有一份文件的電郵，該文件是 PDF 格式，而不是 DOC 格式。原因是麼？ (1) 可加密此文件。 (2) 可保留文件的頁面設計。 (3) 可包含多媒體元素。,只有 (1),只有 (2),只有 (1) 和 (3),只有 (2) 和 (3),B,2,MC,,,,,,,,,,,,,,,,,,,,,,,,,,,,,,
2021-1A-5,A1-3,多媒體檔案格式,小芬使用 WAV 格式而非 MP3 格式來錄製音樂表演。這樣有什麼好處？ (1) 有效地把檔案大小較大。 (2) 音質會更佳。 (3) 沒有跨平台問題。,只有 (1),只有 (2),只有 (1) 和 (3),只有 (2) 和 (3),B,2,MC,,,,,,,,,,,,,,,,,,,,,,,,,,,,,,
2016-1-15,A1-3,多媒體檔案格式,當莉莉選擇投影片放映的檔案格式時，下列哪項是重要的？,支援加密,跨平台,物件連接與嵌人(OLE),支援SQL,B,2,MC,,,,,,,,,,,,,,,,,,,,,,,,,,,,,,
2016-1-27,A1-3,多媒體檔案格式,志明打算上載學校網站的背景音樂，但其網站的儲存空間有限。下列哪項是合適的檔案格式？,WAV,AVI,MPEG2,MP3,D,2,MC,,,,,,,,,,,,,,,,,,,,,,,,,,,,,,
2017-1-6,A1-3,多媒體檔案格式,在某學院內，每張學生註冊表格均有一個獨一的條碼。該學院將會把這些表格數碼化，並以 PDF 格式儲存。這樣處理表格有什麼主要好處？ (1)可以在不同操作系統上提取和使用這些表格 (2)可以更換舊表格 (3)可以在高質素的紙張上列印這些表格,只有(2),只有(3),只有(1)和(2),只有(1)和(3),C,2,MC,,,,,,,,,,,,,,,,,,,,,,,,,,,,,,
2018-1-12,A1-3,多媒體檔案格式,下列哪些元素可以包括在 PDF 檔案內？ (1)照片 (2)視像 (3)超連結,只有(1)和(2),只有(1)和(3),只有(2)和(3),(1)、(2)和(3),B,2,MC,,,,,,,,,,,,,,,,,,,,,,,,,,,,,,
2017-1-14,A1-3,十六進制,在網頁內定義背景顏色時使用了顏色編碼。顏色編碼的十六進制數值的範圍是什麼？,0 至 99,0 至 FF,1 至 64,1 至 AA,B,2,MC,,,,,,,,,,,,,,,,,,,,,,,,,,,,,,
2018-1-11,A1-3,十六進制,某文字檔包含字符串「IT*」。志明利用一個程式去檢視該字符串以十六進制表示的 ASCII 編碼，如下所示：2A 49 54 2A。儲存該字符串需要多少個位元？,8,16,32,64,C,2,MC,,,,,,,,,,,,,,,,,,,,,,,,,,,,,,
2020-1A-2,A1-3,二進制補碼,下列哪個十進制數值相等於以 8 位元二進制補碼表示的 1010 0001？,33,-33,-95,-95,D,2,MC,,,,,,,,,,,,,,,,,,,,,,,,,,,,,,
2016-1-8,A1-3,二進制補碼,11111111是一個8位二進制補碼數字，其十進制數值是什麼？,-1,0,1,255,A,2,MC,,,,,,,,,,,,,,,,,,,,,,,,,,,,,,
2018-1-9,A1-3,二進制補碼,下列哪個是-8 以 8 位元二進制補碼表示的十進制數值？,1000 1000,1111 1000,1000 0000,0000 1000,B,2,MC,,,,,,,,,,,,,,,,,,,,,,,,,,,,,,
2019-1A-3,A2-4,數據分析,工廠經理想檢視生產線的 時間和成本限制，以決定需要購入多少台機器。他應使用哪項試算表功能？,樞紐分析表,多個工作表,假設」情境,使用多個條件將數據排序,C,2,MC,,,,,,,,,,,,,,,,,,,,,,,,,,,,,,
2020-1A-9,A2-4,數據分析,李小姐計劃以儲存在數據庫內的學生資料和考試分數，設計及製作學生的成績單。她應該做什麼？,利用數據庫軟件建立報告。,利用文書處理軟件建立通至此數據庫的超連結。,利用試算表軟件建立 SQL 指令。,利用試算表軟件匯入數據，並建立樞紐分析表。,A,2,MC,,,,,,,,,,,,,,,,,,,,,,,,,,,,,,
2020-1A-12,A2-4,圖表,某教師為演講建立包括以下投影片的演示。該教師應編輯投影片的哪項（些）元素，以建立更吸引的演示？ (1) SQL (2) 字型 (3) 圖表,只有 (1),只有 (2),只有 (1) 和 (3),只有 (2) 和 (3),D,2,MC,,,,,,,,,,,,,,,,,,,,,,,,,,,,,,
2020-1A-13,A2-4,數據操縱和演示,下列哪項是直接處理數據收集的例子？,讀取氣象讀數。,擷取紙本發票至自動櫃員機。,把相集從數碼相機上傳掃描。,把舞會在分紙上的測驗分數輸入至試算表。,A,2,MC,,,,,,,,,,,,,,,,,,,,,,,,,,,,,,
2021-1A-1,A2-4,試算表,下列哪項在文字處理軟件內可有效地格式化一份文件？ (1) 以用戶指定的字型和字體大小設定或預設值 (2) 將所有文字的格式設定為預先設定的標題 (3) 停用自動校正功能,只有 (1) 和 (2),只有 (1) 和 (3),只有 (2) 和 (3),(1) (2) 和 (3),A,2,MC,,,,,,,,,,,,,,,,,,,,,,,,,,,,,,
2021-1A-13,A2-4,樞紐分析表,小芬使用試算表來儲存數據庫關於網上會議的紀錄，如下所示：她打算準備樞紐分析表，以找出每名參加者參與會議的次數。「參加者」應置於下列哪項？,篩選,欄,列,值,2,MC,,,,,,,,,,,,,,,,,,,,,,,,,,,,,,,
2016-1-10,A2-4,試算表,當編輯試算表內的數值數據時 ，下列哪句是正確的？,只可自動更新相關的數值數據。,只可自動更新附有這些數值數據的相關圖表。,只可自動更新在單一工作表內的相關數據。,可自動更新多個工作表內的相關數據。,2,MC,,,,,,,,,,,,,,,,,,,,,,,,,,,,,,,
2017-1-11,A2-4,數據分析,對於一間連鎖式便利店，在下列哪項／些例子中應該使用試算表上的「假設」情境？ (1)改變不可參數衣的預算每月支出 (2)製作每月銷售分析 (3)比較不同分店的銷售數據,只有(1),只有(2),只有(1)和(3),只有(2)和(3),2,MC,,,,,,,,,,,,,,,,,,,,,,,,,,,,,,,
2017-1-13,A2-4,圖表,細閱下列調查回家方法的數據：(表格顯示步行、校巴、港鐵、的士、私家車的男女人數)。下列哪項試算表圖表最能表示首三種回家方法的數據？,A ( clustered column chart ),B ( pie chart ),C ( area chart ),D ( line chart ),2,MC,,,,,,,,,,,,,,,,,,,,,,,,,,,,,,,
2018-1-1,A2-4,圖表,志明在試算表內建立了圖表1，他想藉改善圖表1，使它成為圖表2。他須修改哪項圖表設定？,圖例,資料來源,座標軸,圖表類型,2,MC,,,,,,,,,,,,,,,,,,,,,,,,,,,,,,,
2019-1A-7,A2-5,SQL,"將 STUDENT 匯出至試算表。哪項試算表功能可產生與在 DBMS 工具下執行下列 SQL 指令後的輸出相若？ SELECT CLASS, COUNT(*) FROM STUDENT GROUP BY CLASS",排序,在公式內使用儲存格參照,新增篩選和嵌入,樞紐分析表,2,MC,,,,,,,,,,,,,,,,,,,,,,,,,,,,,,,
2020-1A-11,A2-5,SQL,某數據庫表 PET 內有 6 筆記錄，如下所示：以下的 SQL 語句的輸出會包括什麼數值？ SELECT SUM(WEIGHT) FROM PET GROUP BY PTYPE,(1) 109 (2) 15 (3) 34 (4) 60,只有 (1),只有 (2),只有 (1) 和 (4), (3) 和 (4),D,2,,MC,,,,,,,,,,,,,,,,,,,,,,,,,,,,
2021-1A-4,A2-5,數據庫,在數據庫軟件內傳達數據庫表時，用戶通常應設定什麼？ (1) 每個欄位的數據類型 (2) 每個欄位的記錄數目 (3) 主關鍵碼,只有 (1) 和 (2),只有 (1) 和 (3),只有 (2) 和 (3),(1) (2) 和 (3),B,2,MC,,,,,,,,,,,,,,,,,,,,,,,,,,,,,,
2021-1A-8,A2-5,數據庫,莉莉是市場部經理，她計劃向每位客戶發出邀請信。她將會從客戶數據庫提取數據。她應進行什麼程序處理這些？ (1) 篩選 (2) 郵件合併 (3) 「假設」分析,只有 (1) 和 (2),只有 (1) 和 (3),只有 (2) 和 (3),(1) (2) 和 (3),A,2,MC,,,,,,,,,,,,,,,,,,,,,,,,,,,,,,
2021-1A-11,A2-5,數據庫,在數據庫軟件內使用表格來輸入數據的主要優點是什麼？ (1) 減少輸入錯誤。 (2) 縮短 SQL 語句的執行時間。 (3) 需要較少儲存空間。,只有 (1),只有 (2),只有 (1) 和 (3),只有 (2) 和 (3),2,MC,,,,,,,,,,,,,,,,,,,,,,,,,,,,,,,
2017-1-10,A2-5,數據庫,在數據庫管理系統內使用表格的主要好處是什麼？,簡化輸入數據,簡化列印報告,節省儲存空間,在單一數據表查詢數據,2,MC,,,,,,,,,,,,,,,,,,,,,,,,,,,,,,,
2018-1-2,A2-5,SQL,"數據庫表 PROD 包含七筆記錄，如下所示：(表格有PRANK, WEIGHT, PSTAT欄位)。執行下列 SQL 指令會輸出什麼？ SELECT MAX(WEIGHT) FROM PROD WHERE PSTAT <> 'S'",1,6,9,11,2,MC,,,,,,,,,,,,,,,,,,,,,,,,,,,,,,,
2019-1A-9,B-1,輸入設備,辦公室的門上安裝了射頻識別(RFID)讀寫機，芝芝的職員證內有 RFID 標籤，每個標籤的儲存容量為 2 KB。她的個人資料佔 200 個字節，她每次出入辦公室時，系統會記錄一個 40 個字節的記錄。假如職員證只會獨立儲存在她的職員證內，該職員證可儲存多少筆記錄？,44,45,48,50,2,MC,,,,,,,,,,,,,,,,,,,,,,,,,,,,,,,
2021-1A-14,B-1,輸入設備,下列哪項可以是指掃描文件和照片的掃描器的規格？ (1) 支援 802.11n (2) 24 位元色深 (3) 內置 4 MB RAM,只有 (1),只有 (2),只有 (1) 和 (3),(1) (2) 和 (3),B,2,MC,,,,,,,,,,,,,,,,,,,,,,,,,,,,,,
2021-1A-20,B-1,輸出設備,以電子書閱讀器而非平板電腦來閱讀電子書的好處是什麼？ (1) 耗電量較低 (2) 重量較輕 (3) 計算能力較高,只有 (1) 和 (2),只有 (1) 和 (3),只有 (2) 和 (3),(1) (2) 和 (3),A,2,MC,,,,,,,,,,,,,,,,,,,,,,,,,,,,,,
2017-1-5,B-1,輸出設備,當在相紙上列印一張數碼相片時，相紙的上部分和下部分均未被使用。有什麼可能的原因？ (1)數碼相片和相紙的長闊比不相同 (2)數碼相片的檔案太小太大 (3)數碼相片的色深太低,只有(1),只有(2),只有(1)和(3),只有(2)和(3),2,MC,,,,,,,,,,,,,,,,,,,,,,,,,,,,,,,
2017-1-21,B-1,輸入設備,莉莉打算為她的平板電腦購置一個鍵盤。下列哪個／些連接通常適用於鍵盤？ (1)光纖 (2)USB 電纜 (3)藍牙,只有(1),只有(2),只有(1)和(3),只有(2)和(3),2,MC,,,,,,,,,,,,,,,,,,,,,,,,,,,,,,,
2017-1-25,B-1,輸出設備,芝芝打算購買彩色鐳射打印機，以作家中之用。她應考慮什麼規格？ (1)光度 (lm) (2)打印速度 (ppm) (3)解像度 (dpi),只有(1)和(2),只有(1)和(3),只有(2)和(3),(1)、(2)和(3),2,MC,,,,,,,,,,,,,,,,,,,,,,,,,,,,,,,
2018-1-23,B-1,輸出設備,在餐廳的銷售點系統中，下列哪項（些）是採用感熱式打印機來印製收據的原因？ (1)可保留收據列印本較長時間 (2)打印時安靜 (3)打印時間短,只有(1),只有(2),只有(1)和(3),只有(2)和(3),2,MC,,,,,,,,,,,,,,,,,,,,,,,,,,,,,,,
2019-1A-14,B-2,電腦硬件,小明打算購買一台新電腦作視像編輯之用。一般而言，下列哪項是他考慮時最不重要的因素？,計算能力,RAM 大小,USB 埠的數目,硬碟儲存容量,2,MC,,,,,,,,,,,,,,,,,,,,,,,,,,,,,,,
2019-1A-15,B-2,中央處理器,下列哪句關於 CPU 內的累加器是正確的？,它被算術及邏輯運算部件(ALU)作為計算之用。,它被控制部件(CU)用作暫存記憶體位址。,它儲存下一個須執行指令的記憶體位址。,它記錄在處理指令時的數據流動。,2,MC,,,,,,,,,,,,,,,,,,,,,,,,,,,,,,,
2019-1A-16,B-2,記憶體,降低在家中電腦內 CPU 的時鐘比率會有什麼可能的結果？,耗用較少電量,增加顯示卡的溫度,增加 Wi-Fi 連接的性能,加強對電腦黑客入侵的防護,2,MC,,,,,,,,,,,,,,,,,,,,,,,,,,,,,,,
2019-1A-19,B-2,記憶體階層,把下列各項按數據傳輸速率以遞增方式排列。 (1) 固態硬碟(SSD) (2) 快取記憶體 (3) RAM, (1), (3), (2), (1) 和 (2),-3, (3),-2,,-1,-3,-1,-2,A,2,MC,,,,,,,,,,,,,,,,,,,,,,
2020-1A-14,B-2,電腦硬件,參考下列電腦 X、Y 和 Z 的規格，回答第 14 及 15 題。哪台（些）電腦的計算能力最佳？,X,Y,Z,Y 和 Z,2,MC,,,,,,,,,,,,,,,,,,,,,,,,,,,,,,,
2020-1A-15,B-2,電腦硬件,參考下列電腦 X、Y 和 Z 的規格，回答第 14 及 15 題。哪台（些）電腦的啟動時間最短？,X,Y,Z,X 和 Z,2,MC,,,,,,,,,,,,,,,,,,,,,,,,,,,,,,,
2020-1A-16,B-2,儲存設備,下列哪項不是 SSD 勝於硬碟機的優點？,消耗較少電力。,產生較少熱量。,支援隨機存取。,提供較高存取速度。,2,MC,,,,,,,,,,,,,,,,,,,,,,,,,,,,,,,
2020-1A-18,B-2,中央處理器,參考下列指令。在提取一譯碼－執行周期中，「提取」是做什麼的？,從主記憶體位址 1000 獲取指令。,從主記憶體位址 1111 獲取指令。,獲取累加器的內容。,利用控制器部件(CU)計算下一個指令的位址。,2,MC,,,,,,,,,,,,,,,,,,,,,,,,,,,,,,,
2020-1A-21,B-2,儲存設備,下列哪項（些）只支援順序存取？ (1) DVD-RW (2) 磁帶 (3) 快閃記憶體,只有 (1),只有 (2),只有 (1) 和 (3),只有 (2) 和 (3),2,MC,,,,,,,,,,,,,,,,,,,,,,,,,,,,,,,
2020-1A-22,B-2,電腦系統基礎,下列哪句關於電腦內的部件的描述是不正確的？,算術及邏輯運算部件(ALU)是用來執行算術運算。,累加器是儲存算術和邏輯運算結果的寄存器。,寄存器是用來儲存常用指令的數據儲存裝置。,數據匯流排是用於在主機板和輸入／輸出設備之間傳送控制訊號。,2,MC,,,,,,,,,,,,,,,,,,,,,,,,,,,,,,,
2021-1A-17,B-2,儲存設備,志偉有一台桌上電腦，內設一個 500GB SSD 和一個 2TB 硬碟機。為什麼操作系統會被安裝在 SSD 而非硬碟機內？,該操作系統並不是開放源碼軟件。,該操作系統的檔案是經常使用的。,該操作系統所需的儲存大小是少於 500 GB。,硬碟通常在流動設備內尋覓。,2,MC,,,,,,,,,,,,,,,,,,,,,,,,,,,,,,,
2021-1A-18,B-2,中央處理器,下列哪項是 CPU 的近期發展？,預裝操作系統,減少處理部件數量,增加時鐘頻率,增加耗電量,2,MC,,,,,,,,,,,,,,,,,,,,,,,,,,,,,,,
2021-1A-19,B-2,電腦硬件,志明打算購買電腦，以便使用多媒體學習軟件包。下列哪項是並非最重要的因素？,SSD 的儲存大小,RAM 的儲存大小,ROM 的儲存大小,CPU 的時鐘頻率,2,MC,,,,,,,,,,,,,,,,,,,,,,,,,,,,,,,
2021-1A-21,B-2,機器周期,在 CPU 內執行匯編語言指令「載入 1000」時，下列哪項部件會將此指令解碼？,匯流排,寄存器,ALU,CU,2,MC,,,,,,,,,,,,,,,,,,,,,,,,,,,,,,,
2016-1-18,B-2,電腦硬件,志明發覺在編輯視像檔時，其家中電腦的表現比其辦公室的電腦為佳。下列哪項／些是可能的成因？ (1)硬碟讀／寫存取速度 (2) ROM的儲存容量 (3) CPU的時鐘比率,只有(1),只有(2),只有(1)和(3),只有(2)和(3),2,MC,,,,,,,,,,,,,,,,,,,,,,,,,,,,,,,
2016-1-20,B-2,中央處理器,某CPU的時鐘比率是2GHz 。 下列哪句是正確的？,此CPU每秒執行2x10^9 個指令,此CPU每秒以2x10^9 個時鐘周期工作,此CPU的快取記憶體每秒傳送2x10^9 個指令,此CPU的 ALU部件運算一個指令需要2x10^9 個時鐘周期,2,MC,,,,,,,,,,,,,,,,,,,,,,,,,,,,,,,
2016-1-21,B-2,儲存設備,志明把伺服器升級，以固態硬碟(SSD)取締硬碟。下列哪項／些 SSD特性對此項升級有好處？ (1)數據傳輸速率較高 (2)耗電量較低 (3)儲存容量較小,只有(2),只有(3),只有(1)和(2),只有(1)和(3),2,MC,,,,,,,,,,,,,,,,,,,,,,,,,,,,,,,
2016-1-22,B-2,儲存設備,當啟動某個人電腦時 ，它從ROM載人數據，並檢査所有主要部件是否正常運作。 在這過程中， ROM不應被RAM替代，這是因為,RAM的儲存容量較少 。,RAM是易失性的。,RAM的數據傳輸速率較低。,RAM是隨機存取的 。,2,MC,,,,,,,,,,,,,,,,,,,,,,,,,,,,,,,
2017-1-16,B-2,機器周期,考慮下列某指令在機器周期內的步驟： (1)執行指令 (2)把數據寫入記憶體 (3)將指令翻譯為操作碼和操作數 (4)從記憶體內提取指令 這些步驟的正確次序是什麼？,(3) -> (1) -> (2) -> (4),(3) -> (2) -> (4) -> (1),(4) -> (3) -> (1) -> (2),(4) -> (3) -> (2) -> (1),2,MC,,,,,,,,,,,,,,,,,,,,,,,,,,,,,,,
2017-1-17,B-2,電腦硬件,某電腦是用來編輯視像。下列哪些規格對此電腦的表現有顯著影響？ (1)RAM 的大小 (2)USB 埠的數目 (3)CPU 時鐘頻率,只有(1)和(2),只有(1)和(3),只有(2)和(3),(1)、(2)和(3),2,MC,,,,,,,,,,,,,,,,,,,,,,,,,,,,,,,
2017-1-18,B-2,記憶體階層,下列哪句關於 CPU 內寄存器的句子是正確的？,它們的存取數據傳輸速率高,它們的功能相同,它們用作輔助儲存器,它們的總儲存容量通常大過 1GB,2,MC,,,,,,,,,,,,,,,,,,,,,,,,,,,,,,,
2018-1-18,B-2,儲存設備,為什麼在許多流動設備中普遍使用固態硬碟(SSD)而不使用硬碟？,SSD 的體積較小。,SSD 的儲存容量較小。,SSD 的數據存取速度較慢。,流動設備不支援硬碟。,2,MC,,,,,,,,,,,,,,,,,,,,,,,,,,,,,,,
2018-1-20,B-2,電腦硬件,"細看下列桌上電腦的配置：Intel® CoreTM i7 CPU, 16GB DDR4 RAM, 1TB SSD, 802.11ac Wi-Fi。從這些配置可獲得什麼資訊？ (1)顯示屏的可視尺寸 (2)無線網絡的最大數據傳輸速率 (3)啟動電腦時間",只有(1),只有(2),只有(1)和(3),只有(2)和(3),2,MC,,,,,,,,,,,,,,,,,,,,,,,,,,,,,,,
2018-1-22,B-2,機器周期,下列哪句關於 CPU 內提取－譯碼－執行周期是正確的？,在這周期中使用了寄存器。,這周期是一個循環程序。,這周期內指令的總數是取決於 CPU 的時鐘頻率。,這周期主要是用作執行算術和邏輯運算。,2,MC,,,,,,,,,,,,,,,,,,,,,,,,,,,,,,,
2019-1A-8,B-3,應用軟件,小芬建立了一份 200 頁的報告。下列哪些文書處理的操作可減少所用的頁數？ (1) 更改文本的行距 (2) 更改文本的背景規則 (3) 增加頁首和頁尾的目錄 (4) 建立含超連結的目錄,只有 (1) 和 (3),只有 (1) 和 (4),只有 (2) 和 (3),只有 (3) 和 (4),2,MC,,,,,,,,,,,,,,,,,,,,,,,,,,,,,,,
2019-1A-13,B-3,演示軟件,下列哪項是製作自動放映演示時最不需要的？,範本,版面配置,投影片,索引,2,MC,,,,,,,,,,,,,,,,,,,,,,,,,,,,,,,
2019-1A-18,B-3,運作方式,下列哪個系統依賴網絡連接？,實時系統,單戶作業系統,成批工作處理系統,分布式處理系統,2,MC,,,,,,,,,,,,,,,,,,,,,,,,,,,,,,,
2019-1A-20,B-3,操作系統,下列哪些是典型電腦操作系統的主要網絡功能？ (1) 允許電腦之間的通訊。 (2) 控制一台電腦之間連接的網絡頻寬。 (3) 提供一些網絡安全措施，以保護電腦免被未經授權存取。,只有 (1) 和 (2),只有 (1) 和 (3),只有 (2) 和 (3),(1) (2) 和 (3),B,2,MC,,,,,,,,,,,,,,,,,,,,,,,,,,,,,,
2020-1A-17,B-3,系統軟件,下列哪項關於驅動程式的描述是正確的？,讓操作系統能管理檔案。,讓操作系統能控制掃描器。,監視病毒偵測的狀況。,監視 RAM 的使用量。,2,MC,,,,,,,,,,,,,,,,,,,,,,,,,,,,,,,
2021-1A-6,B-3,演示軟件,子添使用文字處理軟件中的「目錄」功能，如下所示。當插入一個新章節時，_______。,子添須輸入公式來計算頁碼,子添須在目錄內輸入章節名稱,頁碼將會自動更新,新章節會被插入為最後的一章,2,MC,,,,,,,,,,,,,,,,,,,,,,,,,,,,,,,
2021-1A-7,B-3,演示軟件,志偉在演示檔內加入複製旁白。下列哪句是正確的？ (1) 演示的檔案大小增加。 (2) 演示內的投影張數增加。 (3) 未能把視覺殘疾人附有旁白的投影片。,只有 (1),只有 (2),只有 (1) 和 (3),只有 (2) 和 (3),2,MC,,,,,,,,,,,,,,,,,,,,,,,,,,,,,,,
2021-1A-10,B-3,應用軟件,志明打算利用物件連接與嵌入(OLE)把 X.jpg 和 Y.xlsx 的內容加入至 Z.docx 內。下列哪句關於物件連接與嵌入(OLE)的句子是正確的？,OLE 不能應用於 X 的檔案格式。,在志明行動前，X 的檔案大小總是小於 Z 的。,志明完成其行動後，Z 的檔案大小將會大於 Y 的。,改變 Y 內的數據可影響隨後 Z 的列印本。,2,MC,,,,,,,,,,,,,,,,,,,,,,,,,,,,,,,
2021-1A-15,B-3,運作方式,下列哪項需要驅動程式？ (1) 編輯文字處理文件 (2) 連接一個新打印機 (3) 移除一個軟件包,只有 (1),只有 (2),只有 (1) 和 (3),只有 (2) 和 (3),2,MC,,,,,,,,,,,,,,,,,,,,,,,,,,,,,,,
2021-1A-16,B-3,運作方式,國華在客廳構了一個電腦系統，讓他的朋友家人及一起玩網上足球遊戲。這會涉及下列哪項處理模式？ (1) 網上互動處理 (2) 成批工作處理 (3) 實時處理,只有 (1),只有 (2),只有 (1) 和 (3),只有 (2) 和 (3),2,MC,,,,,,,,,,,,,,,,,,,,,,,,,,,,,,,
2016-1-14,B-3,演示軟件,莉莉使用演示軟件建立了一個附有旁白而可自動執行的投影片放映，她將此投影片放映上載到她的網站供公眾人士觀看。下列哪項是莉莉在建立投影片放映時必須做的？,設定每張投影片的放映時間,在投影片內建立超連結,在投影片內建立動畫效果,在投影片內加插背景音樂,2,MC,,,,,,,,,,,,,,,,,,,,,,,,,,,,,,,
2016-1-17,B-3,運作方式,某訂票系統包含了多個訂票櫃位，分布在市內不同地方·顧客可在其中一個訂票櫃位購買戲院門票。下列哪項最能描述此訂票系統？,實時系統,成批工件處理系統,分布式處理系統,並行式處理系統,2,MC,,,,,,,,,,,,,,,,,,,,,,,,,,,,,,,
2016-1-19,B-3,操作系統,下列哪些是操作系統通常設有的功能？ (1)控制程序 (2)分配記憶體 (3)記錄網絡流量,只有(1)和(2),只有(1)和(3),只有(2)和(3),(1)·(2)和(3),2,MC,,,,,,,,,,,,,,,,,,,,,,,,,,,,,,,
2017-1-3,B-3,應用軟件,下列哪些是在辦公室自動化軟件內採用物件連接與嵌人(OLE)的主要優點？ (1)在單一檔案內可包含來自不同應用程式的數據 (2)可維持同步更新來自不同應用程式的數據 (3)在相同資料夾內可儲存來自不同應用程式的數據,只有(1)和(2),只有(1)和(3),只有(2)和(3),(1)、(2)和(3),2,MC,,,,,,,,,,,,,,,,,,,,,,,,,,,,,,,
2017-1-15,B-3,電腦軟件,下列哪項／些是系統軟件？ (1)試算表軟件 (2)操作系統 (3)驅動程式,只有(1),只有(2),只有(1)和(3),只有(2)和(3),2,MC,,,,,,,,,,,,,,,,,,,,,,,,,,,,,,,
2017-1-19,B-3,系統軟件,操作系統的系統監察軟件通常會提供什麼資訊？ (1)現正執行處理的程序 (2)記憶體使用情況 (3)網絡流量,只有(1)和(2),只有(1)和(3),只有(2)和(3),(1)、(2)和(3),2,MC,,,,,,,,,,,,,,,,,,,,,,,,,,,,,,,
2017-1-22,B-3,運作方式,銀行客戶可透過自動櫃員機(ATM)從戶口提取現金。下列哪個／些系統最能描述此項操作？ (1)互動系統 (2)實時系統 (3)成批工件處理系統,只有(2),只有(3),只有(1)和(2),只有(1)和(3),2,MC,,,,,,,,,,,,,,,,,,,,,,,,,,,,,,,
2018-1-6,B-3,應用軟件,下列哪個組合適合用來表達故事分鏡圖？ (1)投影片放映 (2)多媒體文件 (3)資料庫檔案,只有(1)和(2),只有(1)和(3),只有(2)和(3),(1)、(2)和(3),2,MC,,,,,,,,,,,,,,,,,,,,,,,,,,,,,,,
2018-1-17,B-3,操作系統,以下哪些是操作系統的基本功能？ (1)電郵管理 (2)記憶體管理 (3)輸入／輸出管理,只有(1)和(2),只有(2)和(3),只有(1)和(3),(1)、(2)和(3),2,MC,,,,,,,,,,,,,,,,,,,,,,,,,,,,,,,
2018-1-19,B-3,系統軟件,以下哪項可以幫助縮短存取硬碟內文件所需的時間？,冗餘磁碟陣組(RAID),虛擬私人網絡(VPN),驅動程式,磁碟重組軟件,2,MC,,,,,,,,,,,,,,,,,,,,,,,,,,,,,,,
2019-1A-21,C1-1,網絡硬件,以下是某校園的典型電腦網絡：X 和 Y 是什麼？,X: 交換器, Y: 網絡界面卡,X: 無線網絡接達點 (AP), Y: 網絡界面卡, Y: 無線網絡接達點 (AP),X: 交換器, Y: 路由器,,D,2,MC,,,,,,,,,,,,,,,,,,,,,,,,,,
2019-1A-22,C1-1,網絡架構,下列哪些是 LAN 勝於 WAN 的優點？ (1) 數據傳輸速率較高 (2) 網絡覆蓋較大 (3) 設置成本較低,只有 (1) 和 (2),只有 (1) 和 (3),只有 (2) 和 (3),(1) (2) 和 (3),B,2,MC,,,,,,,,,,,,,,,,,,,,,,,,,,,,,,
2019-1A-24,C1-1,網絡連接,以專線而非寬頻用作網絡連接的優點是什麼？ (1) 連接更可靠 (2) 成本較低 (3) 頻寬有保證,只有 (1),只有 (2),只有 (1) 和 (3),只有 (2) 和 (3),2,MC,,,,,,,,,,,,,,,,,,,,,,,,,,,,,,,
2020-1A-19,C1-1,網絡服務,教師電腦通常會為桌上電腦提供什麼服務？ (1) 檔案共享 (2) 電郵 (3) 網頁瀏覽,只有 (1),只有 (2),只有 (1) 和 (3),只有 (2) 和 (3),2,MC,,,,,,,,,,,,,,,,,,,,,,,,,,,,,,,
2020-1A-20,C1-1,網絡硬件,為了讓所有桌上電腦可連接無線打印機，應執行以下哪項行動？,應把該 AP 安裝在交換器和教師電腦之間。,教師電腦應連接至開啟的無線打印機。,應以路由器取代交換器。,無線打印機應連接至 AP。,2,MC,,,,,,,,,,,,,,,,,,,,,,,,,,,,,,,
2020-1A-27,C1-1,網絡硬件,網絡界面卡的主要功能是什麼？,找出傳送數據包的路徑。,確保透過網絡進行通訊。,提升通訊的保安水平。,安排與路由器通訊。,2,MC,,,,,,,,,,,,,,,,,,,,,,,,,,,,,,,
2021-1A-25,C1-1,無線網絡,莉莉在她的辦公室可利用流動電話來控制家中建設 Wi-Fi 網絡的電器。這會涉及下列哪項？ (1) LAN (2) 互聯網 (3) 無線網絡接達點,只有 (1) 和 (2),只有 (1) 和 (3),只有 (2) 和 (3),(1) (2) 和 (3),C,2,MC,,,,,,,,,,,,,,,,,,,,,,,,,,,,,,
2021-1A-26,C1-1,網絡硬件,李先生為他的辦公室內工作的員工租用網上檔案儲存服務，而不設立檔案伺服器。為什麼？,辦公室的互聯網連接的頻寬不足。,辦公室內無需額外技術人員。,在增加儲存容量時較有彈性。,D,MC,,,,,,,,,,,,,,,,,,,,,,,,,,,,,,,,
2021-1A-28,C1-1,網絡架構,雖然學校操場上已安裝了一個有線網絡，但學校還是安裝了一個連接至此網絡的無線網路接達點。為什麼？ (1) 學生可在大堂上使用平板電腦。 (2) 網絡可每天 24 小時使用。 (3) 網絡連接的數據傳輸率較高。,只有 (1),只有 (2),只有 (1) 和 (3),只有 (2) 和 (3),2,MC,,,,,,,,,,,,,,,,,,,,,,,,,,,,,,,
2016-1-25,C1-1,無線上網,"香港特別行政區政府設立GovWiFi, 提供免費無線上網，市民可以選擇使用非加密連接或加密連接。 下列哪句是正確的？",市民只可在特定的地點上網。,市民不能透過非加密連接來接達網上銀行網站。,市民的裝置可透過加密連接來阻隔電腦病毒。,市民可透過GovWiFi優先預訂政府康樂設施。,2,MC,,,,,,,,,,,,,,,,,,,,,,,,,,,,,,,
2016-1-26,C1-1,網絡硬件,李先生在公司內建構網絡時考慮一些通訊連結，並比較其有效的數據傳輸速率。下列哪項比較是正確的？,Cat6 (雙扭線） ＜ 衞星 ＜ 光纖,衞星 < Cat6(雙扭線）＜ 光纖,Cat6 (雙扭線） ＜ 光纖 ＜ 衞星,衞星 ＜ 光纖 < Cat6(雙扭線）,2,MC,,,,,,,,,,,,,,,,,,,,,,,,,,,,,,,
2017-1-23,C1-1,網絡硬件,下列哪項是學校電腦網絡內的交換器的主要功能？,促使電腦間的數據傳輸,防止未經授權存取,增加網絡頻寬,為用戶提供電郵服務,2,MC,,,,,,,,,,,,,,,,,,,,,,,,,,,,,,,
2017-1-24,C1-1,無線網絡,下列哪項／些是建構無線網絡來取代有線網絡的優點？ (1)增加網絡速度 (2)加強網絡保安 (3)增加電腦的流動性,只有(1),只有(3),只有(1)和(2),只有(2)和(3),2,MC,,,,,,,,,,,,,,,,,,,,,,,,,,,,,,,
2018-1-16,C1-1,網絡硬件,連接＿＿＿＿＿＿＿應使用路由器。,兩個不同網絡,打印機和局部區域網絡,兩台電腦,電腦和伺服器,2,MC,,,,,,,,,,,,,,,,,,,,,,,,,,,,,,,
2019-1A-12,C1-2,IP位址,一個 IPv6 位址包括 8 組以冒號分隔的 4 位十六進制數字，如以下例子所示： 2001:08A8:2347:AFF0:1234:CC23:98D2:1A45 此 IP 編址可有多少個位址？,2^32,2^128,16^32,32^16,2,MC,,,,,,,,,,,,,,,,,,,,,,,,,,,,,,,
2019-1A-23,C1-2,URL,以下兩個 URL 均可用來接達同一個網站： ‘http://202.8.88.24’ 和 ‘http://www.hkedcity.net’ 下列哪項（些）關於這兩個 URL 的句子是正確的？ (1) DNS 伺服器可能把 ‘www.hkedcity.net’ 譯為 ‘202.8.88.24’。 (2) URL 必須包含 HTTP。 (3) 經 IP 位址接達的網頁較為安全。,只有 (1),只有 (2),只有 (1) 和 (3),只有 (2) 和 (3),2,MC,,,,,,,,,,,,,,,,,,,,,,,,,,,,,,,
2020-1A-25,C1-2,網絡協定,瀏覽 https://www.gov.hk 時涉及下列哪項（些）協定？ (1) FTP (2) IP (3) DNS,只有 (1),只有 (2),只有 (1) 和 (3),只有 (2) 和 (3),2,MC,,,,,,,,,,,,,,,,,,,,,,,,,,,,,,,
2020-1A-26,C1-2,IP位址,下列哪項（些）可用來識別互聯網上的主機？ (1) 電郵地址 (2) IP 位址 (3) 電腦名稱,只有 (1),只有 (2),只有 (1) 和 (3),只有 (2) 和 (3),2,MC,,,,,,,,,,,,,,,,,,,,,,,,,,,,,,,
2021-1A-27,C1-2,網絡協定,下列哪項關於 HTTP 是正確的？ (1) 它是用來傳送超文本文檔。 (2) 它可根據 URL 為 IP 位址。 (3) 它是用來儲存瀏覽歷史。,只有 (1),只有 (2),只有 (1) 和 (3),只有 (2) 和 (3),2,MC,,,,,,,,,,,,,,,,,,,,,,,,,,,,,,,
2017-1-26,C1-2,網域名稱系統 (DNS),"志明打算為他的新公司設立一個網站，使顧客可經下列任何一個連結接達網站：web.goodcompany.hk, www.goodcompany.hk, www.goodcompany.com.hk, goodcompany.com, www.goodcompany.com。他需要註冊多少個域名？",1,2,3,4,2,MC,,,,,,,,,,,,,,,,,,,,,,,,,,,,,,,
2018-1-14,C1-2,電郵協定,下列哪句關於郵件合併是正確的？,每次郵件合併時只可附加一個檔案。,郵件合併只適用於發送電郵。,主將數據源和浮動數據源合併。,郵件合併通常涉及演示軟件。,2,MC,,,,,,,,,,,,,,,,,,,,,,,,,,,,,,,
2018-1-25,C1-2,URL,下圖是 www.abc.edu.hk 的部分文件夾結構：(圖中顯示了目錄樹)。下列哪個 URL 是無效的？,http://www.abc.edu.hk/chi/p1.jpg,http://www.abc.edu.hk/info/p1.jpg,http://www.abc.edu.hk/eng/p1.jpg,http://www.abc.edu.hk/index.html,2,MC,,,,,,,,,,,,,,,,,,,,,,,,,,,,,,,
2018-1-26,C1-2,網絡協定,下列哪項不是電郵協定？,IMAP,SMTP,POP,FTP,2,MC,,,,,,,,,,,,,,,,,,,,,,,,,,,,,,,
2018-1-27,C1-2,網域名稱系統 (DNS),芝芝可藉 ABC 學校網站的 IP 位址瀏覽該網站，但不能以它的 URL 瀏覽。原因可能是什麼？,還未上載相關網頁至該網頁伺服器內。,該網域名稱系統(DNS)伺服器暫時停止服務。,所使用的瀏覽器不是最新版本。,所使用的瀏覽器的一些插件還未安裝。,2,MC,,,,,,,,,,,,,,,,,,,,,,,,,,,,,,,
2019-1A-26,C1-3,網上服務,以下哪項活動會經互聯網傳輸最少數據？,向 50 位收件人寄出一個附有 2 MB 聲音檔案的 10 KB 電郵。,利用網上工具上載及轉換 10 MB 圖像為 JPG 格式。,更新 10 KB 網頁，內含超連結到一個 5 GB 的檔案。,利用串流技術網上觀看 500 MB 的 60 分鐘視像。,2,MC,,,,,,,,,,,,,,,,,,,,,,,,,,,,,,,
2019-1A-27,C1-3,串流傳輸,下列哪項（些）關於串流技術的句子是正確的？ (1) 可以觀看音樂會表演直播。 (2) 不能使用 HTTP。 (3) 網上非法發放電影可受控制。,只有 (1),只有 (2),只有 (1) 和 (3),只有 (2) 和 (3),2,MC,,,,,,,,,,,,,,,,,,,,,,,,,,,,,,,
2020-1A-23,C1-3,網上服務,下列哪項對提升學生的資訊素養最不適合？,網上觀看關於海洋的紀錄片。,在網上論壇搜尋誇張軟件的安裝密碼。,閱讀學校校內發布的學校通訊。,經互聯網尋找電腦的歷史。,2,MC,,,,,,,,,,,,,,,,,,,,,,,,,,,,,,,
2020-1A-24,C1-3,網上服務,下列哪項（些）可改善視像會議的質素？ (1) 較高解像度的攝影機 (2) 較大的儲存容量 (3) 較高的網絡頻寬,只有 (1),只有 (2),只有 (1) 和 (3),只有 (2) 和 (3),2,MC,,,,,,,,,,,,,,,,,,,,,,,,,,,,,,,
2016-1-23,C1-3,物聯網,物聯網(IoT)是指由設備組成的網絡，這些設備可收集及交換數據，而這些網絡通常連接至互聯網。 這些設備應通常設有下列哪項？,IP位址,運算能力高的CPU,DNS,大儲存容量,2,MC,,,,,,,,,,,,,,,,,,,,,,,,,,,,,,,
2016-1-24,C1-3,串流傳輸,志明在家中觀看使用串流傳輸的網上廣播視像，他覺得該視像播放不流暢。下列哪些是可能的成因？ (1)視像的播放長度 (2)接達互聯網的方法 (3)互聯網連接的頻寬,只有(1)和(2),只有(1)和(3),只有(2)和(3),(1)、(2)和(3),2,MC,,,,,,,,,,,,,,,,,,,,,,,,,,,,,,,
2017-1-20,C1-3,網上服務,下列哪項／些是由 GovHK 提供的政府電子化服務？ (1)登記參加社區康樂體育活動 (2)申請入讀香港的大學 (3)續借公共圖書館書籍,只有(1),只有(2),只有(1)和(3),只有(2)和(3),2,MC,,,,,,,,,,,,,,,,,,,,,,,,,,,,,,,
2018-1-15,C1-3,網上服務,如「維基百科」，免費網上百科全書含有大量文章。下列哪句關於這些網上百科全書的句子是正確的？ (1)人們可以快速搜尋帶來主題的相關文章 (2)這些文章沒有版權 (3)這些百科全書會經常更新,只有(1)和(2),只有(1)和(3),只有(2)和(3),(1)、(2)和(3),2,MC,,,,,,,,,,,,,,,,,,,,,,,,,,,,,,,
2018-1-28,C1-3,串流傳輸,觀賞採用串流技術的網站內的視像，與下列哪些項目有關？ (1) DNS (2) FTP (3) IP,只有(1)和(2),只有(1)和(3),只有(2)和(3),(1)、(2)和(3),2,MC,,,,,,,,,,,,,,,,,,,,,,,,,,,,,,,
2019-1A-25,C2-4,HTML,在 HTML 中，下列哪些是表 (<TABLE>) 的屬性？ (1) 儲存格內容的 URL (2) 儲存格之間的間距 (3) 儲存格內容的媒體類型 (4) 背景顏色,只有 (1) 和 (3),只有 (1) 和 (4),只有 (2) 和 (3),只有 (2) 和 (4),2,MC,,,,,,,,,,,,,,,,,,,,,,,,,,,,,,,
2021-1A-24,C2-4,網頁界面設計,某超級市場將會提供一個網上平台，讓顧客購買食物。當設計其用戶界面時，應考慮下列哪項？ (1) 字型大小 (2) 顏色 (3) 語言,只有 (1) 和 (2),只有 (1) 和 (3),只有 (2) 和 (3),(1) (2) 和 (3),D,2,MC,,,,,,,,,,,,,,,,,,,,,,,,,,,,,,
2016-1-28,C2-4,HTML,在網頁中加插表格時，下列哪項不是表格設定？,儲存格的數量,儲存格內的公式,儲存格的色彩,表格的闊度,2,MC,,,,,,,,,,,,,,,,,,,,,,,,,,,,,,,
2017-1-27,C2-4,網頁界面設計,某公司的網頁顯示其在中國的八間分公司，如下展示：中國分公司：香港、上海、北京、深圳、重慶、天津、廈門、澳門 (在一個可滾動的列表中)。下列哪些修改可讓用戶毋須使用右邊捲軸便可清楚地看見所有分公司？ (1)縮小字體大小 (2)減少字符間距 (3)使用有多欄的表格,只有(1)和(2),只有(1)和(3),只有(2)和(3),(1)、(2)和(3),2,MC,,,,,,,,,,,,,,,,,,,,,,,,,,,,,,,
2017-1-28,C2-4,HTML,某網頁顯示了一些圖像。除了圖像檔的名稱外，在此網頁的 HTML 編碼內將包含了其他什麼資料？ (1)圖像檔的路徑 (2)圖像的背景大小 (3)儲存此 HTML 檔的伺服器的 IP 位址,只有(1),只有(2),只有(1)和(3),只有(2)和(3),2,MC,,,,,,,,,,,,,,,,,,,,,,,,,,,,,,,
2018-1-10,C2-4,超連結,莉莉在一個文件檔內插入一個超連結，使用此超連結可能會 有什麼後果？ (1)開啟一個視像檔 (2)跳至此文件的另一頁 (3)跳至另一個文件的某一頁,只有(1)和(2),只有(1)和(3),只有(2)和(3),(1)、(2)和(3),2,MC,,,,,,,,,,,,,,,,,,,,,,,,,,,,,,,
2018-1-29,C2-4,網頁界面設計,細看下列網頁：(顯示一個水果列表)。下列哪項（些）可以更便於導航？ (1)表單 (2)框 (3)背景音樂,只有(2),只有(3),只有(1)和(2),只有(1)和(3),2,MC,,,,,,,,,,,,,,,,,,,,,,,,,,,,,,,
2019-1A-35,C2-5,網絡安全風險,ABC 咖啡店為顧客提供免費 WIFI，詳情如下：顧客不應使用此 WIFI 連接進行網上銀行服務，原因是因為,免費時段太短。,SSID 太短而易於被猜到。,透過此連接傳輸的數據沒有加密。,最高頻寬是太低。,2,MC,,,,,,,,,,,,,,,,,,,,,,,,,,,,,,,
2019-1A-38,C2-5,惡意軟件,李小姐發現公司的檔案伺服器被勒索軟件感染。一些重要文件檔案均已被加密而無法開啟，她應如何處理？ (1) 嘗試把加密檔案複製於另一個檔案伺服器內部開啟。 (2) 就此事件向警方報案。 (3) 交付贖金以取得密碼。,只有 (1),只有 (2),只有 (1) 和 (3),只有 (2) 和 (3),2,MC,,,,,,,,,,,,,,,,,,,,,,,,,,,,,,,
2020-1A-39,C2-5,惡意軟件,志明由朋友傳送的超連結安裝一個新遊戲時，有一個對話框彈出如下：「X 已阻攔此程式的一部分功能。容許此程式接達你的私人網絡？」對話框內的 X 是什麼？,防火牆,惡意軟件,檔案管理應用程式,裝置管理應用程式,2,MC,,,,,,,,,,,,,,,,,,,,,,,,,,,,,,,
2017-1-35,C2-5,網絡安全風險,下列哪些會有保安風險？ (1)利用咖啡店內的公共電腦登入網上銀行 (2)使用商場提供的 Wi-Fi 網絡查閱電郵 (3)利用公共電腦檢查網頁的電子證書,只有(1)和(2),只有(1)和(3),只有(2)和(3),(1)、(2)和(3),2,MC,,,,,,,,,,,,,,,,,,,,,,,,,,,,,,,
2017-1-38,C2-5,惡意軟件,勒索軟件是惡意軟件，它將受害人的電腦檔案加密，然後要求贖款來還原這些檔案。如何可減低受到勒索軟件的影響？ (1)定期建立電腦檔案備份 (2)不要開啟不知名的或仿冒詐騙的電子郵件 (3)不要透過 p2p 軟件下載盜版軟件,只有(1)和(2),只有(1)和(3),只有(2)和(3),(1)、(2)和(3),2,MC,,,,,,,,,,,,,,,,,,,,,,,,,,,,,,,
2018-1-24,C2-5,遠程登入,莉莉在家中登入其公司內的電腦，並進行一些文字處理工作。以下哪句關於此遠程登入是正確的？,兩部電腦均須設有相同的文字處理軟件。,兩部電腦均須設有相同的防火牆。,此遠程登入支援數據加密。,由於涉及兩部電腦，因此在執行文字處理時速度較快。,2,MC,,,,,,,,,,,,,,,,,,,,,,,,,,,,,,,
2020-1A-28,C2-6,認證方法,當小芬登入一網站時，她會從手提電話接收到 SMS 短訊，內含一個密碼。此 SMS 短訊是關於什麼？,密碼檢測,數碼水印,數碼簽署,單次密碼,2,MC,,,,,,,,,,,,,,,,,,,,,,,,,,,,,,,
2020-1A-36,C2-6,網絡保安措施,在電腦網絡中，下列哪項（些）可保障個人私隱免被黑客攻擊？ (1) 建立數據備份 (2) 更新操作系統 (3) 安裝防火牆,只有 (1) 和 (2),只有 (1) 和 (3),只有 (2) 和 (3),(1) (2) 和 (3),C,2,MC,,,,,,,,,,,,,,,,,,,,,,,,,,,,,,
2021-1A-22,C2-6,網絡保安措施,下列哪項在連接兩個 LAN 時是常用的？,防火牆,寬頻數據機,路由器,抗病毒軟件,2,MC,,,,,,,,,,,,,,,,,,,,,,,,,,,,,,,
2021-1A-40,C2-6,認證方法,下列哪項是在網上系統中驗證用戶身份的常見措施？ (1) DNS (2) 保安權標 (3) 防火牆,只有 (1),只有 (2),只有 (1) 和 (3),只有 (2) 和 (3),2,MC,,,,,,,,,,,,,,,,,,,,,,,,,,,,,,,
2016-1-34,C2-6,認證方法,某銀行設有保安室，只有很少員工能夠進入。下列哪項保安措施是最安全的接達控制？,密碼,智能卡,指紋,鎖匙,2,MC,,,,,,,,,,,,,,,,,,,,,,,,,,,,,,,
2017-1-34,C2-6,網絡保安措施,下列哪項／些是為網上銀行鑒定客戶身分的保安措施？ (1)抗電腦病毒軟件 (2)保安權標 (3)數碼水印,只有(1),只有(2),只有(1)和(3),只有(2)和(3),2,MC,,,,,,,,,,,,,,,,,,,,,,,,,,,,,,,
2018-1-37,C2-6,網絡保安措施,在互聯網上，為什麼我們需要保密插口層(SSL)？,IP 位址最少包含了四個數值。,可保護電源插口。,數據傳輸速度可更快。,可安全地傳輸數據。,2,MC,,,,,,,,,,,,,,,,,,,,,,,,,,,,,,,
2018-1-38,C2-6,資料加密技術,在通過互聯網傳輸機密資料時，使用數據加密的主要好處是什麼？ (1)黑客不能輕易收集加密數據 (2)黑客不能輕易讀取機密資料 (3)黑客不能輕易刪除機密資料,只有(1),只有(2),只有(1)和(3),只有(2)和(3),2,MC,,,,,,,,,,,,,,,,,,,,,,,,,,,,,,,
2018-1-40,C2-6,認證方法,在電腦系統的認證中，使用指紋比較使用密碼有何好處？ (1)一般來說，輸入時間較短。 (2)系統開發的成本更低。 (3)用潔淨手指可減少錯誤。,只有(1),只有(2),只有(1)和(3),只有(2)和(3),2,MC,,,,,,,,,,,,,,,,,,,,,,,,,,,,,,,
2021-1A-12,D1-1,問題建構和分析,下圖顯示了「輸入—處理—輸出」周期的基本概念。X 和 Y 是什麼？,X: 統一碼 Y: 二進制數字,X: 互聯網 Y: 網路設備,X: 程式 Y: 儲存器,X: 數據 Y: 查詢,2,MC,,,,,,,,,,,,,,,,,,,,,,,,,,,,,,,
2016-1-33,D1-1,問題建構和分析,"細閱以下輸人－處理－輸出(IPO)周期所展示的問題。下列哪句是不正確的？ (展示了一個包含輸入N1, N2, N3，處理AVE = (N1 + N2 + N3) / 3，輸出AVE的IPO圖)",此IPO周期展示了數據類型及數據結構。,所展示的問題是找出三個數值的平均數。,此IPO周期展示該問題的一個解決方法。,在「處理」內所顯示的流程圖的控制結構是序列的 。,2,MC,,,,,,,,,,,,,,,,,,,,,,,,,,,,,,,
2019-1A-29,D1-2,布爾邏輯,age 是整數變量，而 IsStudent 是布爾變量。下列哪些布爾算式會產生相同結果？ (1) (age < 25) AND (IsStudent = TRUE) (2) NOT ((age >= 25) OR (IsStudent = FALSE)) (3) (age > 25) OR (IsStudent = TRUE),只有 (1) 和 (2),只有 (1) 和 (3),只有 (2) 和 (3),(1) (2) 和 (3),A,2,MC,,,,,,,,,,,,,,,,,,,,,,,,,,,,,,
2019-1A-30,D1-2,算法設計,以下算法的輸出是什麼？LENGTH ← 6 HEIGHT ← 5 AREA ← LENGTH * HEIGHT LENGTH ← 4 HEIGHT ← 3 輸出 AREA,12,20,24,30,2,MC,,,,,,,,,,,,,,,,,,,,,,,,,,,,,,,
2019-1A-32,D1-2,算法設計,細看以下算法：A ← 1 B ← 1 重複 輸出 B C ← A + B A ← B B ← C 直至 (B > 10) 「輸出 B」會被執行多少次？,4,5,6,7,2,MC,,,,,,,,,,,,,,,,,,,,,,,,,,,,,,,
2019-1A-34,D1-2,算法設計,細看以下流程圖的一部分：有多少個「A」會被輸出？,0,2,4,5,2,MC,,,,,,,,,,,,,,,,,,,,,,,,,,,,,,,
2020-1A-5,D1-2,布爾邏輯,假設 X = 2 和 Y = 3。下列哪項布爾算式的結果是「真」？,((X > Y) AND (Y > 4)) OR (1 > X),((X < Y) AND (Y > 4)) OR (1 > X),((X < Y) AND (Y < 4)) OR (1 < X),((X < Y) AND (Y > 4)) OR (1 < X),2,MC,,,,,,,,,,,,,,,,,,,,,,,,,,,,,,,
2020-1A-29,D1-2,算法設計,參考下列流程圖，回答第 29 及 30 題。P、P[1]、P[2]、P[3] 及 P[4] 的初始值分別為 2、7、-7、6、7 和 9。i 的輸出值是什麼？,2,3,4,5,2,MC,,,,,,,,,,,,,,,,,,,,,,,,,,,,,,,
2020-1A-30,D1-2,算法設計,參考下列流程圖，回答第 29 及 30 題。P、P[1]、P[2]、P[3] 及 P[4] 的初始值分別為 2、7、-7、6、7 和 9。n 的輸出值是什麼？,1,2,3,4,2,MC,,,,,,,,,,,,,,,,,,,,,,,,,,,,,,,
2020-1A-31,D1-2,算法設計,下列算法的輸出是什麼？N ← 10 K ← 0 當 N > 1 執行 N ← K + N K ← N N ← N ÷ 2 輸出 K,14,33,46,60,2,MC,,,,,,,,,,,,,,,,,,,,,,,,,,,,,,,
2020-1A-32,D1-2,算法設計,下列算法的輸出是什麼？P ← 0 Q ← 1 設 i 由 1 至 5 執行 如果 i < 2 則 輸出 i 否則 R ← P + Q P ← Q Q ← R 輸出 R,1 1 2 2 4,1 1 2 3 5,1 2 3 4 5,1 2 4 8 16,2,MC,,,,,,,,,,,,,,,,,,,,,,,,,,,,,,,
2020-1A-33,D1-2,算法設計,下列算法的輸出是什麼？P ← 1 Q ← 2 重複 P ← P + 1 Q ← Q * 2 直至 (P > 4) 輸出 Q,4,8,16,32,2,MC,,,,,,,,,,,,,,,,,,,,,,,,,,,,,,,
2021-1A-29,D1-2,算法設計,下列算法的輸出是什麼？X ← 9 Y ← 2 重複 輸出 (X / Y) 的餘數 X ← (X / Y) 的整數部分 直至 X = 0,10,110,101,1001,2,MC,,,,,,,,,,,,,,,,,,,,,,,,,,,,,,,
2021-1A-31,D1-2,布爾邏輯,"假設 X = 5, Y = 6 和 Z = 7。下列哪項布爾算式的結果是「真」？",((X < 0) AND (Y >= 6)) AND (Z > 10),((X > 0) OR (Y < 6)) AND (Z > 10),((X < 0) OR (Y >= 6)) AND (Z > 10),((X < 0) OR (Y < 6)) OR (Z > 10),2,MC,,,,,,,,,,,,,,,,,,,,,,,,,,,,,,,
2021-1A-33,D1-2,算法設計,下列算法的輸出是什麼？sum ← 0 j ← 12 重複 sum ← sum + 1 j ← j – 2 直至 j < 2 輸出 sum,7,6,5,4,2,MC,,,,,,,,,,,,,,,,,,,,,,,,,,,,,,,
2021-1A-35,D1-2,算法設計,下列算法的輸出是什麼？X ← 6 Y ← 2 H ← 2 當 H > 0 執行 X ← X + Y Y ← X – Y X ← X – Y H ← H – 1 輸出 Y,10,6,4,2,2,MC,,,,,,,,,,,,,,,,,,,,,,,,,,,,,,,
2016-1-32,D1-2,算法設計,NUM是一整數陣列。 以下算法的輸出是什麼？ K <- 0 當K <= 100執行 NUM[K] <- K x K K <- K +l 輸出(NUM [1] + NUM [2]),7,25,49,100,2,MC,,,,,,,,,,,,,,,,,,,,,,,,,,,,,,,
2017-1-29,D1-2,算法設計,下列流程圖的部分是用來表示在電影院票務訂購系統內的一項任務。這項任務是什麼？ (菱形決策方塊，是/否分支),列印戲票,計算票價,顯示「歡迎」訊息,將輸入的購票數目作有效性檢驗,2,MC,,,,,,,,,,,,,,,,,,,,,,,,,,,,,,,
2017-1-31,D1-2,算法設計,以下算法的輸出是什麼？ K <- 0 設 N 由 1 至 3 K <- K + N x N 輸出 K,3,9,14,30,2,MC,,,,,,,,,,,,,,,,,,,,,,,,,,,,,,,
2017-1-32,D1-2,布爾邏輯,細閱下列語句： 如果 NOT ( X > 30 OR ( Y AND Z ) ) 則輸出 '****'。下列哪個 X、Y 和 Z 值的組合會使 '****' 顯示出來？ TRUE 代表「真」，而 FALSE 代表「假」。,X=20 Y=TRUE  Z=TRUE,X=30  Y=FALSE  Z=FALSE,X=40  Y=FALSE  Z=TRUE,X=50Y=FALSE  Z=TRUE,2,MC,,,,,,,,,,,,,,,,,,,,,,,,,,,,,,,
2018-1-30,D1-2,算法設計,下列算法是用作計算 (1^2 + 2^2 + 3^2 + ... + N^2) 的值。 輸入 N S <- 0 (方格內) S <- S + N x N N <- N - 1 輸出 S。方格內應是什麼？,N > 0,N > 1,N < 0,N < 1,2,MC,,,,,,,,,,,,,,,,,,,,,,,,,,,,,,,
2018-1-32,D1-2,算法設計,細看以下流程圖的一部分：(一個循環，條件為 X >= Y)。假設 X 和 Y 的初始值分別為 14 和 4。輸出是什麼？,0,1,2,3,2,MC,,,,,,,,,,,,,,,,,,,,,,,,,,,,,,,
2018-1-33,D1-2,布爾邏輯,假設 x = 1、y = 2 和 z = 3。下列哪個布爾算式是「真」？,((X = 1) AND (Y > -2)) AND (Z > 3),((X = 1) AND (Y > 2)) OR (Z > 3),((X = 1) OR (Y > -2)) AND (Z < 3),((X = 1) AND (Y > -2) AND (Z > 3)),2,MC,,,,,,,,,,,,,,,,,,,,,,,,,,,,,,,
2019-1A-31,D1-3,陣列的基本算法,"N 是一個陣列，而 N[1]、N[2]、N[3] 和 N[4] 分別儲存了 1、3、5 和 7。下列算法的輸出是什麼？K ← 6, i ← 4 當 (i > 0 AND N[i-1] > K) 執行 i ← i – 1, N[i] ← K 輸出 N[4]",4,5,6,7,2,MC,,,,,,,,,,,,,,,,,,,,,,,,,,,,,,,
2019-1A-33,D1-3,陣列的基本算法,Y 是一個陣列。下列算法的輸出是什麼？Y[1] ← 4 設 k 由 1 至 5 執行 Y[k+1] ← Y[k] + k 輸出 Y[5],10,14,15,19,2,MC,,,,,,,,,,,,,,,,,,,,,,,,,,,,,,,
2021-1A-32,D1-3,陣列的基本算法,以陣列 P 的初始值運行，下列算法的輸出是什麼？Q ← 0 設 i 由 1 至 4 執行 如果 P[i] = 1 則 Q ← 1 – Q 輸出 Q,0100,0110,1000,1001,2,MC,,,,,,,,,,,,,,,,,,,,,,,,,,,,,,,
2021-1A-34,D1-3,陣列的基本算法,下列算法的輸出是什麼？設 i 由 1 由 5 執行 A[i] ← i S ← 0 i ← 1 當 i > S 執行 S ← S + A[i]*A[i+1] i ← i + 1 輸出 S,40,20,5,2,2,MC,,,,,,,,,,,,,,,,,,,,,,,,,,,,,,,
2017-1-33,D1-3,陣列的基本算法,"設一個陣列，以 A[3], A[4], ..., A[N] 儲存 N 個非零的數值。以下算法的目的是什麼？ 輸入 P K <- P 當 K <= N-1 執行 A[K] <- A[K+1] K <- K+1 N <- N-1",移除 A 內第 P 個數值,將 P 的值增加 1,當 K <= N-1 時互換 A[K] 和 A[K+1] 的數值,計算 A 內數值的總和,2,MC,,,,,,,,,,,,,,,,,,,,,,,,,,,,,,,
2018-1-34,D1-3,模組化,於設計電腦解決方案時使用模組的特徵是什麼？ (1)模組通常是用來解決簡單的問題。 (2)模組可最是可重用的。 (3)開發成本較高。 (4)模組可以獨立開發。,只有(1)和(3),只有(1)和(4),只有(2)和(3),只有(2)和(4),2,MC,,,,,,,,,,,,,,,,,,,,,,,,,,,,,,,
2019-1A-28,D2-6,程式測試和除錯,"測試下列算法的邊際個案是什麼？輸入 A 如果 A > 5 則 B ← 10 否則 B ← 20 輸出 A, B",(1) 5 (2) 6 (3) 10 (4) 20,只有 (1) 和 (2),只有 (3) 和 (4),只有 (1),只有 (2), (3) 和 (4),A,,2,MC,,,,,,,,,,,,,,,,,,,,,,,,,,,
2020-1A-10,D2-6,程式測試和除錯,應為下列哪項（些）任務建立試算表「假設」情境？ (1) 尋找在數學考試獲取 90 分或以上的學生。 (2) 估算由不同製造商生產的產品成本。 (3) 建立月平均溫度的圖表。,只有 (1),只有 (2),只有 (1) 和 (3),只有 (2) 和 (3),2,MC,,,,,,,,,,,,,,,,,,,,,,,,,,,,,,,
2020-1A-34,D2-6,程式測試和除錯,某銀行更新了自動櫃員機系統對現金提取的新限制如下：可提供 $100、$500 和 $1000 鈔票、最低提取金額 = $200、最高提取金額 = $10000。為此系統更新，應使用下列哪組提取金額作為測試數據？,50, 200, 7,000,0, 10,0,,100,200,300,500,1,0,30,0,100,200,600,950,10,0,11,0,100,1000,15,0,20,0,25,0,30,0,C,2,MC
2021-1A-30,D2-6,程式測試和除錯,編寫了程式源碼後，根據解難程序，應執行下列哪項？ (1) 概述問題的輸入和輸出的要求。 (2) 以邊界個案來測試此程式。 (3) 使用流程圖。,只有 (1),只有 (2),只有 (1) 和 (3),只有 (2) 和 (3),2,MC,,,,,,,,,,,,,,,,,,,,,,,,,,,,,,,
2017-1-30,D2-6,程式測試和除錯,下列是開發電腦系統的解難程序。這些程序的正確次序是什麼？ (1)測試系統 (2)界定問題 (3)設計算法 (4)編寫程式碼,(2) -> (4) -> (3) -> (1),(2) -> (3) -> (4) -> (1),(3) -> (2) -> (4) -> (1),(4) -> (2) -> (1) -> (3),2,MC,,,,,,,,,,,,,,,,,,,,,,,,,,,,,,,
2018-1-31,D2-6,程式測試和除錯,細看以下算法： 輸入 n 如果 n < -6 則 y <- 2 否則 如果 n > 9 則 y <- y - 2 否則 y <- y x 2 下列哪組輸入數據最適合用作測試此算法？,-6, 1, 9,9,1, 2,-20,,-6,0,9,15,-20,-10,0,1,10,20,C,2,MC,,,,,,,,,,,,,,,,
2018-1-21,E-1,科技創新,下列哪項是硬碟的最新發展趨勢？ (1)耗電量較低 (2)使用壽命較長 (3)可向較多內置軟件,只有(1)和(2),只有(1)和(3),只有(2)和(3),(1)、(2)和(3),2,MC,,,,,,,,,,,,,,,,,,,,,,,,,,,,,,,
2019-1A-37,E-2,數碼隔閡,下列哪項（些）有助克服在城市裏出現的數碼隔閡？ (1) 在學校實行以自攜電子設備(BYOD)的措施，以取代桌上電腦。 (2) 提供更多免費 WIFI 熱點。 (3) 為每名市民提供多於一個免費電郵戶口。,只有 (1),只有 (2),只有 (1) 和 (3),只有 (2) 和 (3),2,MC,,,,,,,,,,,,,,,,,,,,,,,,,,,,,,,
2020-1A-35,E-2,健康與安全,一名學生沉迷於網上遊戲，每天玩超過 8 小時。他將會面對哪些健康問題？ (1) 睡眠問題 (2) 視力問題 (3) 情緒問題,只有 (1) 和 (2),只有 (1) 和 (3),只有 (2) 和 (3),(1) (2) 和 (3),D,2,MC,,,,,,,,,,,,,,,,,,,,,,,,,,,,,,
2020-1A-40,E-2,用戶界面的人機工程學,下圖展示使用電腦的人體工學的良好用法。下列哪些設定是必需的？ (1) 位於 P 的手托的角度應可調校。 (2) 位於 Q 的顯示器的角度應可調校。 (3) 位於 R 的桌子的高度應可調校。,只有 (1) 和 (2),只有 (1) 和 (3),只有 (2) 和 (3),(1) (2) 和 (3),C,2,MC,,,,,,,,,,,,,,,,,,,,,,,,,,,,,,
2021-1A-37,E-2,資訊可靠性,使用互聯網上的資訊來編寫一份報告前應考慮什麼？ (1) 互聯網上有些資訊不可靠。 (2) 互聯網上絕大部分資訊是免費的。 (3) 很多黑客會透過社交媒體盜取個人資料。,只有 (1),只有 (2),只有 (1) 和 (3),只有 (2) 和 (3),2,MC,,,,,,,,,,,,,,,,,,,,,,,,,,,,,,,
2021-1A-38,E-2,數碼隔閡,下列哪項可縮窄社會內的數碼隔閡？ (1) 向學生提供電腦以供學習 (2) 在餐廳內提供自助點餐機 (3) 在店舖內以電子付款取代現金付款,只有 (1),只有 (2),只有 (1) 和 (3),只有 (2) 和 (3),2,MC,,,,,,,,,,,,,,,,,,,,,,,,,,,,,,,
2016-1-40,E-2,健康及道德議題,佩儀購買了話音識別字典流動應用程式，來查閱文字的含義。當她在流動裝置安裝此程式時，它顯示了允許接達：麥高風、位置、通訊錄的要求。佩儀應允許下列哪項／些設定？ (1)麥高風 (2)位置 (3)通訊錄,只有(1),只有(2),只有(1)和(3),只有(2)和(3),2,MC,,,,,,,,,,,,,,,,,,,,,,,,,,,,,,,
2017-1-2,E-2,用戶界面的人機工程學,有兩個在網頁上輸入日期的方法，如圖所示：方法1是月曆，方法2是文字方塊。使用方法1而非方法2的好處是什麼？ (1)減少輸入錯誤 (2)更方便用戶使用 (3)以奇偶檢驗來找出錯誤,只有(1)和(2),只有(1)和(3),只有(2)和(3),(1)、(2)和(3),2,MC,,,,,,,,,,,,,,,,,,,,,,,,,,,,,,,
2017-1-39,E-2,健康與安全,在工作環境中的電腦採用了人體工學設計原理有什麼主要原因？ (1)避免重複性肌肉勞損 (2)節省電腦的設置成本 (3)提供定制及可調節的設置來滿足不同人士的需要,只有(1)和(2),只有(1)和(3),只有(2)和(3),(1)、(2)和(3),2,MC,,,,,,,,,,,,,,,,,,,,,,,,,,,,,,,
2017-1-40,E-2,數碼隔閡,世界衞生組織(WHO)指出全世界的 15% 人口均有殘疾。我們可如何為這些人士大幅改善接觸資訊及通訊科技？,送贈殘疾人士筆記型電腦,設置免費電腦中心給殘疾人士上網,為殘疾人士開發合適的工具來接達資訊及通訊科技,為殘疾人士提供免費的資訊及通訊科技培訓,2,MC,,,,,,,,,,,,,,,,,,,,,,,,,,,,,,,
2018-1-35,E-2,用戶界面的人機工程學,在軟件設計中從人體工學方面有什麼良好做法？ (1)固定字體大小 (2)給用戶適當的系統信息 (3)一致的用戶界面,只有(1)和(2),只有(1)和(3),只有(2)和(3),(1)、(2)和(3),2,MC,,,,,,,,,,,,,,,,,,,,,,,,,,,,,,,
2019-1A-36,E-3,保護知識產權的科技,攝影師把他的照片上載至社交媒體網站，讓公眾人士瀏覽。為保障他的知識產權，可在其照片上應用下列哪項？,香港公開密碼匙的基礎建設(PKI),保密插口層(SSL),數碼證書,數碼水印,2,MC,,,,,,,,,,,,,,,,,,,,,,,,,,,,,,,
2019-1A-39,E-3,軟件特許使用權,為什麼有人開發開放源碼軟件？ (1) 他們想出售軟件賺取更多金錢。 (2) 他們想更多人使用他們的軟件。 (3) 他們想擁有軟件的版權。,只有 (1),只有 (2),只有 (1) 和 (3),只有 (2) 和 (3),2,MC,,,,,,,,,,,,,,,,,,,,,,,,,,,,,,,
2019-1A-40,E-3,知識產權,下列哪項做法最有可能在香港侵犯版權？,利用點對點軟件分享軟件分享個人視像。,透過社交媒體網站分享因故障直播。,上載電視節目至個人網站，並與朋友分享。,利用點對點軟件檔案分享軟件搜尋聲音檔案。,2,MC,,,,,,,,,,,,,,,,,,,,,,,,,,,,,,,
2020-1A-37,E-3,軟件特許使用權,開放源碼軟件的主要特徵是什麼？ (1) 開發商可自訂售價 (2) 用戶可修改源碼 (3) 試用期內用戶可使用所有軟件功能,只有 (1),只有 (2),只有 (1) 和 (3),只有 (2) 和 (3),2,MC,,,,,,,,,,,,,,,,,,,,,,,,,,,,,,,
2020-1A-38,E-3,知識產權,某網上商店收集會員的個人資料。下列哪項（些）行動未經會員同意下進行是不恰當的？ (1) 該店傳送所有個人資料加密，並上載至雲端儲存。 (2) 該店傳送所有個人資料予其他網上商店，以使商會會員提供其他服務。 (3) 當一名會員購買美容霜時，該店會永久保存他／她的個人資料，以便將來重新註冊之用。,只有 (1) 和 (2),只有 (1) 和 (3),只有 (2) 和 (3),(1) (2) 和 (3),D,2,MC,,,,,,,,,,,,,,,,,,,,,,,,,,,,,,
2021-1A-36,E-3,軟件特許使用權,麗珊使用開放源碼軟件時可做什麼？ (1) 使用軟件前向軟件開發商尋求批准。 (2) 修改源碼自用。 (3) 大幅修改源碼，並擁有整個軟件的版權。,只有 (1),只有 (2),只有 (1) 和 (3),只有 (2) 和 (3),2,MC,,,,,,,,,,,,,,,,,,,,,,,,,,,,,,,
2021-1A-39,E-3,知識產權,下列哪項互聯網活動很可能侵犯了版權？ (1) 從一張舊電影 DVD 擷取了視像，並把它上載至互聯網。 (2) 將數碼相機拍攝的相片，並以對等網絡(p2p)軟件與朋友分享。 (3) 將互聯網下載的新聞文章，引用作出版書籍。,只有 (1) 和 (2),只有 (1) 和 (3),只有 (2) 和 (3),(1) (2) 和 (3),B,2,MC,,,,,,,,,,,,,,,,,,,,,,,,,,,,,,
2016-1-39,E-3,軟件特許使用權,莉莉從互聯網下載了三類程式 P、Q和R。她能試用P 一 段時間、改寫Q的源碼和只可使用R的部分功能 。哪類程式是共享軟件？,只有P,只有Q,只有P和R,只有Q和R,C,2,MC,,,,,,,,,,,,,,,,,,,,,,,,,,,,,,
2017-1-36,E-3,知識產權,下列哪些行為可能侵犯了知識產權？ (1)將附有病毒的電子郵件寄給朋友 (2)非法進入一個網上銀行戶口 (3)將掃描後的報紙上載至一個個人網站 (4)上載一個電視節目的視像至互聯網,只有(1)和(2),只有(1)和(4),只有(2)和(3),只有(3)和(4),D,2,MC,,,,,,,,,,,,,,,,,,,,,,,,,,,,,,
2018-1-36,E-3,知識產權,李小姐是一名攝影師。張先生於未經李小姐同意下，從她的網站下載大量版權照片，並在某社交社使用。這很可能引致什麼法律後果？ (1)張先生需要向李小姐作出賠償。 (2)張先生可能要受刑事罪行。 (3)張先生需要刪除他來自的補習社。,只有(1)和(2),只有(1)和(3),只有(2)和(3),(1)、(2)和(3),A,2,MC,,,,,,,,,,,,,,,,,,,,,,,,,,,,,,
2018-1-39,E-3,保護知識產權的科技,在互聯網上所發布的照片，有什麼適當措施可保護其知識產權？ (1)數碼簽署 (2)數碼水印 (3)防火牆,只有(1),只有(2),只有(1)和(3),只有(2)和(3),B,2,MC,,,,,,,,,,,,,,,,,,,,,,,,,,,,,,